name;brand;pvp;description;image
10XAJ-BRANDPLATES-B;AJAX;102;Pack 10 cubiertas personalizables para sirena exterior - Personalizable sin coste adicional en Visiotech - Color negro - Apto para uso exterior - No incluye sirena;https://d1x12lhh8s9nlj.cloudfront.net/images/productos/products/10XAJ-BRANDPLATES-B/10XAJ-BRANDPLATES-B.png
10XAJ-BRANDPLATES-W;AJAX;102;Pack 10 cubiertas personalizables para sirena exterior - Personalizable sin coste adicional en Visiotech - Color blanco - Apto para uso exterior - No incluye sirena;https://d1x12lhh8s9nlj.cloudfront.net/images/productos/products/10XAJ-BRANDPLATES-W/10XAJ-BRANDPLATES-W.png
10XAJ-KEYMCP;AJAX;12.6;Herramienta para restablecer el botón de alarma - Compatible con AJ-MANUALCALLPOINT - Pack de 10 unidades - Plástico ABS;https://d1x12lhh8s9nlj.cloudfront.net/images/productos/products/10XAJ-KEYMCP/10XAJ-KEYMCP.png
10XAJ-PASS-B;AJAX;58;Pack de 10 tarjetas de acceso sin contacto - Tecnología Mifare DESFire® - Compatible con KeyPad Plus, KeyPad TouchScreen y - KeyPad Outdoor - Máxima seguridad y rápida identificación de usuarios - Color negro;https://d1x12lhh8s9nlj.cloudfront.net/images/productos/products/10XAJ-PASS-B/10XAJ-PASS-B.png
10XAJ-PASS-W;AJAX;58;Pack de 10 tarjetas de acceso sin contacto - Tecnología Mifare DESFire® - Compatible con KeyPad Plus, KeyPad TouchScreen y - KeyPad Outdoor - Máxima seguridad y rápida identificación de usuarios - Color blanco;https://d1x12lhh8s9nlj.cloudfront.net/images/productos/products/10XAJ-PASS-W/10XAJ-PASS-W.png
10XAJ-TAG-B;AJAX;66.2;Pack de 10 llaveros de acceso sin contacto - Tecnología Mifare DESFire® - Compatible con KeyPad Plus, KeyPad TouchScreen y - KeyPad Outdoor - Máxima seguridad y rápida identificación de usuarios - Color negro;https://d1x12lhh8s9nlj.cloudfront.net/images/productos/products/10XAJ-TAG-B/10XAJ-TAG-B.png
10XAJ-TAG-W;AJAX;66.2;Pack de 10 llaveros de acceso sin contacto - Tecnología Mifare DESFire® - Compatible con KeyPad Plus, KeyPad TouchScreen y - KeyPad Outdoor - Máxima seguridad y rápida identificación de usuarios - Color blanco;https://d1x12lhh8s9nlj.cloudfront.net/images/productos/products/10XAJ-TAG-W/10XAJ-TAG-W.png
AJ-AC220V-PCB1;AJAX;34;Módulo alimentación 220 VA - Hub, Hub Plus y ReX - Fácil reemplazo;https://d1x12lhh8s9nlj.cloudfront.net/images/productos/products/AJ-AC220V-PCB1/AJ-AC220V-PCB1.png
AJ-AC220V-PCB2;AJAX;34;Módulo alimentación 220 VA - Compatible con Ajax Hub 2, Hub 2 Plus y ReX 2 - Fácil reemplazo;https://d1x12lhh8s9nlj.cloudfront.net/images/productos/products/AJ-AC220V-PCB2/AJ-AC220V-PCB2.png
AJ-BASEBALLBAT-B;AJAX;60;Bate de baseball - Color negro;https://d1x12lhh8s9nlj.cloudfront.net/images/productos/products/AJ-BASEBALLBAT-B/AJ-BASEBALLBAT-B.png
AJ-BATTERYBOX-14M;AJAX;334;Kit batería con caja poliéster - Duración hasta los 14 meses - Batería no recargable - Fácil instalación - Ideal para una segunda vivienda o vivienda vacía;https://d1x12lhh8s9nlj.cloudfront.net/images/productos/products/AJ-BATTERYBOX-14M/AJ-BATTERYBOX-14M.png
AJ-BATTERYBOX-7M;AJAX;222;Kit batería con caja poliéster - Duración hasta 7 meses - Batería no recargable - Fácil instalación - Ideal para segunda vivienda o vivienda vacía;https://d1x12lhh8s9nlj.cloudfront.net/images/productos/products/AJ-BATTERYBOX-7M/AJ-BATTERYBOX-7M.png
AJ-BATTERYKIT-12M;AJAX;410;Kit de alarma autónomo - Hub 2 de 6V y batería larga duración - Fácil instalación - Duración hasta 12 meses - Batería no recargable - Ideal para vivienda vacía;https://d1x12lhh8s9nlj.cloudfront.net/images/productos/products/AJ-BATTERYKIT-12M/AJ-BATTERYKIT-12M.png
AJ-BRACKETDP-B;AJAX;6;Soporte para contacto magnético - AJ-DOORPROTECT-B, AJ-DOORPROTECTPLUS-B - AJ-GLASSPROTECT-B - Plástico ABS - Color negro;https://d1x12lhh8s9nlj.cloudfront.net/images/productos/products/AJ-BRACKETDP-B/AJ-BRACKETDP-B.png
AJ-BRACKETDP-W;AJAX;6;Soporte para contacto magnético - AJ-DOORPROTECT-W, AJ-DOORPROTECTPLUS-W - AJ-GLASSPROTECT-W - Plástico ABS - Color blanco;https://d1x12lhh8s9nlj.cloudfront.net/images/productos/products/AJ-BRACKETDP-W/AJ-BRACKETDP-W.png
AJ-BRACKETFP-B;AJAX;8;Soporte para detector de humo - AJ-FIREPROTECT-B y AJ-FIREPROTECTPLUS-B - Instalación sencilla - Plástico ABS - Color negro;https://d1x12lhh8s9nlj.cloudfront.net/images/productos/products/AJ-BRACKETFP-B/AJ-BRACKETFP-B.png
AJ-BRACKETFP-W;AJAX;8;Soporte para detector de humo - AJ-FIREPROTECT-W y AJ-FIREPROTECTPLUS-W - Instalación sencilla - Plástico ABS - Color blanco;https://d1x12lhh8s9nlj.cloudfront.net/images/productos/products/AJ-BRACKETFP-W/AJ-BRACKETFP-W.png
AJ-BRACKETFP2-W;AJAX;5.94;Soporte para detector de humo - AJ-FIREPROTECT2-HSC-RB-W, - AJ-FIREPROTECT2-HSC-SB-W, - AJ-FIREPROTECT2-HS-RB-W, AJ-FIREPROTECT2-HS-SB-W - Plástico ABS - Color blanco;https://d1x12lhh8s9nlj.cloudfront.net/images/productos/products/AJ-BRACKETFP2-W/AJ-BRACKETFP2-W.png
AJ-BRACKETHS-B;AJAX;16;Soporte para sirena de interior - AJ-HOMESIREN-B - Instalación sencilla - Plástico ABS - Color negro;https://d1x12lhh8s9nlj.cloudfront.net/images/productos/products/AJ-BRACKETHS-B/AJ-BRACKETHS-B.png
AJ-BRACKETHS-W;AJAX;16;Soporte para sirena de interior - AJ-HOMESIREN-W - Instalación sencilla - Plástico ABS - Color blanco;https://d1x12lhh8s9nlj.cloudfront.net/images/productos/products/AJ-BRACKETHS-W/AJ-BRACKETHS-W.png
AJ-BRACKETHUB-B;AJAX;16;Soporte para panel - AJ-HUB-B, AJ-HUBPLUS-B, AJ-HUB2-B, AJ-HUB2-4G-B - AJ-HUB2PLUS-B, AJ-REX-B y AJ-REX2-B - Instalación sencilla - Plástico ABS - Color negro;https://d1x12lhh8s9nlj.cloudfront.net/images/productos/products/AJ-BRACKETHUB-B/AJ-BRACKETHUB-B.png
AJ-BRACKETHUB-W;AJAX;16;Soporte para panel - AJ-HUB-W, AJ-HUBPLUS-W, AJ-HUB2-W, AJ-HUB2-4G-W - AJ-HUB2PLUS-W, AJ-REX-W y AJ-REX2-W - Instalación sencilla - Plástico ABS - Color blanco;https://d1x12lhh8s9nlj.cloudfront.net/images/productos/products/AJ-BRACKETHUB-W/AJ-BRACKETHUB-W.png
AJ-BRACKETKP-B;AJAX;12;Soporte para teclado inalámbrico - AJ-KEYPAD-B - Instalación sencilla - Plástico ABS - Color negro;https://d1x12lhh8s9nlj.cloudfront.net/images/productos/products/AJ-BRACKETKP-B/AJ-BRACKETKP-B.png
AJ-BRACKETKP-W;AJAX;12;Soporte para teclado inalámbrico - AJ-KEYPAD-W - Instalación sencilla - Plástico ABS - Color blanco;https://d1x12lhh8s9nlj.cloudfront.net/images/productos/products/AJ-BRACKETKP-W/AJ-BRACKETKP-W.png
AJ-BRACKETMAGNETDP-B;AJAX;6;Soporte para imán - AJ-DOORPROTECT-B, AJ-DOORPROTECTPLUS-B - Plástico ABS - Color negro;https://d1x12lhh8s9nlj.cloudfront.net/images/productos/products/AJ-BRACKETMAGNETDP-B/AJ-BRACKETMAGNETDP-B.png
AJ-BRACKETMAGNETDP-W;AJAX;6;Soporte para imán - AJ-DOORPROTECT-W, AJ-DOORPROTECTPLUS-W - Plástico ABS - Color blanco;https://d1x12lhh8s9nlj.cloudfront.net/images/productos/products/AJ-BRACKETMAGNETDP-W/AJ-BRACKETMAGNETDP-W.png
AJ-BRACKETMC-B;AJAX;7.6;Soporte para fotodetector - AJ-MOTIONCAM-B - Instalación sencilla - Plástico ABS - Color negro;https://d1x12lhh8s9nlj.cloudfront.net/images/productos/products/AJ-BRACKETMC-B/AJ-BRACKETMC-B.png
AJ-BRACKETMC-W;AJAX;7.6;Soporte para fotodetector - AJ-MOTIONCAM-W - Instalación sencilla - Plástico ABS - Color blanco;https://d1x12lhh8s9nlj.cloudfront.net/images/productos/products/AJ-BRACKETMC-W/AJ-BRACKETMC-W.png
AJ-BRACKETMCO-W;AJAX;20;Soporte para detector movimiento - AJ-MOTIONCAMOUTDOOR-W - AJ-MOTIONCAMOUTDOOR-PHOD-W - Plástico ABS - Color blanco;https://d1x12lhh8s9nlj.cloudfront.net/images/productos/products/AJ-BRACKETMCO-W/AJ-BRACKETMCO-W.png
AJ-BRACKETMP-B;AJAX;8;Soporte para detector movimiento - AJ-MOTIONPROTECT-B, AJ-MOTIONPROTECTPLUS-B - AJ-COMBIPROTECT-B - Plástico ABS - Color negro;https://d1x12lhh8s9nlj.cloudfront.net/images/productos/products/AJ-BRACKETMP-B/AJ-BRACKETMP-B.png
AJ-BRACKETMP-W;AJAX;8;Soporte para detector movimiento - AJ-MOTIONPROTECT-W, AJ-MOTIONPROTECTPLUS-W - AJ-COMBIPROTECT-W - Plástico ABS - Color blanco;https://d1x12lhh8s9nlj.cloudfront.net/images/productos/products/AJ-BRACKETMP-W/AJ-BRACKETMP-W.png
AJ-BRACKETMPC-B;AJAX;10;Soporte para detector de cortina - AJ-CURTAINPROTECT-B - Plástico ABS - Color negro;https://d1x12lhh8s9nlj.cloudfront.net/images/productos/products/AJ-BRACKETMPC-B/AJ-BRACKETMPC-B.png
AJ-BRACKETMPC-W;AJAX;10;Soporte para detector de cortina - AJ-CURTAINPROTECT-W - Plástico ABS - Color blanco;https://d1x12lhh8s9nlj.cloudfront.net/images/productos/products/AJ-BRACKETMPC-W/AJ-BRACKETMPC-W.png
AJ-BRACKETMPO-W;AJAX;8;Soporte para detector movimiento exterior - AJ-OUTDOORPROTECT-W - Plástico ABS - Color blanco;https://d1x12lhh8s9nlj.cloudfront.net/images/productos/products/AJ-BRACKETMPO-W/AJ-BRACKETMPO-W.png
AJ-BRACKETSS-B;AJAX;16;Soporte para sirena de exterior - AJ-STREETSIREN-B - Instalación sencilla - Plástico ABS - Color negro;https://d1x12lhh8s9nlj.cloudfront.net/images/productos/products/AJ-BRACKETSS-B/AJ-BRACKETSS-B.png
AJ-BRACKETSS-W;AJAX;16;Soporte para sirena de exterior - AJ-STREETSIREN-W - Instalación sencilla - Plástico ABS - Color blanco;https://d1x12lhh8s9nlj.cloudfront.net/images/productos/products/AJ-BRACKETSS-W/AJ-BRACKETSS-W.png
AJ-BTOTEM2-W-ES;AJAX;1800;Expositor Demo de pie - Kit de alarma profesional Grado 2 - Ajax MotionCam para envío de imágenes - Comunicación Ethernet y GPRS - Inalámbrico 868 MHz Jeweller - App Móvil y Software PC / Color blanco;https://d1x12lhh8s9nlj.cloudfront.net/images/productos/products/AJ-BTOTEM2-W-ES/AJ-BTOTEM2-W-ES.png
AJ-BULLETCAM-4-HLVF-S-B;AJAX;482.46;"Cámara IP Superior Bullet 4 Megapíxel Ajax - 1/1.8"" Progressive Scan CMOS - Lente varifocal motorizada 2.8~12 mm - IR 60 m | Luz blanca 40 m | PoE 802.3at/af - 120 dB TrueWDR | Detección de movimiento | IA - MicroSD hasta 256GB | Color Negro";https://d1x12lhh8s9nlj.cloudfront.net/images/productos/products/AJ-BULLETCAM-4-HLVF-S-B/AJ-BULLETCAM-4-HLVF-S-B.png
AJ-BULLETCAM-4-HLVF-S-W;AJAX;482.46;"Cámara IP Superior Bullet 4 Megapíxel Ajax - 1/1.8"" Progressive Scan CMOS - Lente varifocal motorizada 2.8~12 mm - IR 60 m | Luz blanca 40 m | PoE 802.3at/af - 120 dB TrueWDR | Detección de movimiento | IA - MicroSD hasta 256GB | Color Blanco";https://d1x12lhh8s9nlj.cloudfront.net/images/productos/products/AJ-BULLETCAM-4-HLVF-S-W/AJ-BULLETCAM-4-HLVF-S-W.png
AJ-BULLETCAM-5-0400-B;AJAX;245.6;Cámara IP Bullet 5 Megapixel Ajax - Progressive Scan CMOS - Lente 4 mm, Ranura MicroSD hasta 256GB - IR LEDs Alcance 50m, PoE 802.3at - Con Inteligencia Artificial - Color Negro;https://d1x12lhh8s9nlj.cloudfront.net/images/productos/products/AJ-BULLETCAM-5-0400-B/AJ-BULLETCAM-5-0400-B.png
AJ-BULLETCAM-5-0400-HL-B;AJAX;254.92;"Cámara IP Bullet 5 Megapixel Ajax - 1/2.8"" Progressive Scan CMOS - Lente 4 mm | Ranura MicroSD hasta 256GB - IR 50 m | Luz blanca 50 m | PoE 802.3at/af - Con Inteligencia Artificial - Color Negro";https://d1x12lhh8s9nlj.cloudfront.net/images/productos/products/AJ-BULLETCAM-5-0400-HL-B/AJ-BULLETCAM-5-0400-HL-B.png
AJ-BULLETCAM-5-0400-HL-W;AJAX;254.92;"Cámara IP Bullet 5 Megapixel Ajax - 1/2.8"" Progressive Scan CMOS - Lente 4 mm | Ranura MicroSD hasta 256GB - IR 50 m | Luz blanca 50 m | PoE 802.3at/af - Con Inteligencia Artificial - Color Blanco";https://d1x12lhh8s9nlj.cloudfront.net/images/productos/products/AJ-BULLETCAM-5-0400-HL-W/AJ-BULLETCAM-5-0400-HL-W.png
AJ-BULLETCAM-5-0400-W;AJAX;245.6;Cámara IP Bullet 5 Megapixel Ajax - Progressive Scan CMOS - Lente 4 mm, Ranura MicroSD hasta 256GB - IR LEDs Alcance 50m, PoE 802.3at - Con Inteligencia Artificial - Color Blanco;https://d1x12lhh8s9nlj.cloudfront.net/images/productos/products/AJ-BULLETCAM-5-0400-W/AJ-BULLETCAM-5-0400-W.png
AJ-BULLETCAM-5-B;AJAX;245.6;Cámara IP Bullet 5 Megapixel Ajax - Progressive Scan CMOS - Lente 2.8 mm, Ranura MicroSD hasta 256GB - IR LEDs Alcance 50m, PoE 802.3at - Con Inteligencia Artificial - Color Negro;https://d1x12lhh8s9nlj.cloudfront.net/images/productos/products/AJ-BULLETCAM-5-B/AJ-BULLETCAM-5-B.png
AJ-BULLETCAM-5-HL-B;AJAX;254.92;"Cámara IP Bullet 5 Megapixel Ajax - 1/2.8"" Progressive Scan CMOS - Lente 2.8 mm | Ranura MicroSD hasta 256GB - IR 50 m | Luz blanca 50 m | PoE 802.3at/af - Con Inteligencia Artificial - Color Negro";https://d1x12lhh8s9nlj.cloudfront.net/images/productos/products/AJ-BULLETCAM-5-HL-B/AJ-BULLETCAM-5-HL-B.png
AJ-BULLETCAM-5-HL-W;AJAX;254.92;"Cámara IP Bullet 5 Megapixel Ajax - 1/2.8"" Progressive Scan CMOS - Lente 2.8 mm | Ranura MicroSD hasta 256GB - IR 50 m | Luz blanca 50 m | PoE 802.3at/af - Con Inteligencia Artificial - Color Blanco";https://d1x12lhh8s9nlj.cloudfront.net/images/productos/products/AJ-BULLETCAM-5-HL-W/AJ-BULLETCAM-5-HL-W.png
AJ-BULLETCAM-5-HLVF-B;AJAX;348.44;"Cámara IP Bullet 5 Megapíxel Ajax - 1/2.7"" Progressive Scan CMOS - Lente varifocal motorizada 2.8~12 mm - IR 60 m | Luz blanca 40 m | PoE 802.3at/af - 120 dB TrueWDR | Detección de movimiento | IA - MicroSD hasta 256GB | Color Negro";https://d1x12lhh8s9nlj.cloudfront.net/images/productos/products/AJ-BULLETCAM-5-HLVF-B/AJ-BULLETCAM-5-HLVF-B.png
AJ-BULLETCAM-5-HLVF-W;AJAX;348.44;"Cámara IP Bullet 5 Megapíxel Ajax - 1/2.7"" Progressive Scan CMOS - Lente varifocal motorizada 2.8~12 mm - IR 60 m | Luz blanca 40 m | PoE 802.3at/af - 120 dB TrueWDR | Detección de movimiento | IA - MicroSD hasta 256GB | Color Blanco";https://d1x12lhh8s9nlj.cloudfront.net/images/productos/products/AJ-BULLETCAM-5-HLVF-W/AJ-BULLETCAM-5-HLVF-W.png
AJ-BULLETCAM-5-W;AJAX;245.6;Cámara IP Bullet 5 Megapixel Ajax - Progressive Scan CMOS - Lente 2.8 mm, Ranura MicroSD hasta 256GB - IR LEDs Alcance 50m, PoE 802.3at - Con Inteligencia Artificial - Color Blanco;https://d1x12lhh8s9nlj.cloudfront.net/images/productos/products/AJ-BULLETCAM-5-W/AJ-BULLETCAM-5-W.png
AJ-BULLETCAM-8-0400-B;AJAX;327.5;Cámara IP Bullet 8 Megapixel Ajax - Progressive Scan CMOS - Lente 4 mm, Ranura MicroSD hasta 256GB - IR LEDs Alcance 50m, PoE 802.3at - Con Inteligencia Artificial - Color Negro;https://d1x12lhh8s9nlj.cloudfront.net/images/productos/products/AJ-BULLETCAM-8-0400-B/AJ-BULLETCAM-8-0400-B.png
AJ-BULLETCAM-8-0400-HL-B;AJAX;339.92;"Cámara IP Bullet 8 Megapixel Ajax - 1/2.7"" Progressive Scan CMOS - Lente 4 mm | Ranura MicroSD hasta 256GB - IR 50m | Luz Blanca 50 m | PoE 802.3at/af - Con Inteligencia Artificial - Color negro";https://d1x12lhh8s9nlj.cloudfront.net/images/productos/products/AJ-BULLETCAM-8-0400-HL-B/AJ-BULLETCAM-8-0400-HL-B.png
AJ-BULLETCAM-8-0400-HL-W;AJAX;339.92;"Cámara IP Bullet 8 Megapixel Ajax - 1/2.7"" Progressive Scan CMOS - Lente 4 mm | Ranura MicroSD hasta 256GB - IR 50m | Luz Blanca 50 m | PoE 802.3at/af - Con Inteligencia Artificial - Color blanco";https://d1x12lhh8s9nlj.cloudfront.net/images/productos/products/AJ-BULLETCAM-8-0400-HL-W/AJ-BULLETCAM-8-0400-HL-W.png
AJ-BULLETCAM-8-0400-W;AJAX;327.5;Cámara IP Bullet 8 Megapixel Ajax - Progressive Scan CMOS - Lente 4 mm, Ranura MicroSD hasta 256GB - IR LEDs Alcance 50m, PoE 802.3at - Con Inteligencia Artificial - Color blanco;https://d1x12lhh8s9nlj.cloudfront.net/images/productos/products/AJ-BULLETCAM-8-0400-W/AJ-BULLETCAM-8-0400-W.png
AJ-BULLETCAM-8-B;AJAX;327.5;Cámara IP Bullet 8 Megapixel Ajax - Progressive Scan CMOS - Lente 2.8 mm, Ranura MicroSD hasta 256GB - IR LEDs Alcance 50m, PoE 802.3at - Con Inteligencia Artificial - Color Negro;https://d1x12lhh8s9nlj.cloudfront.net/images/productos/products/AJ-BULLETCAM-8-B/AJ-BULLETCAM-8-B.png
AJ-BULLETCAM-8-HL-B;AJAX;339.92;"Cámara IP Bullet 8 Megapixel Ajax - 1/2.7"" Progressive Scan CMOS - Lente 2.8 mm | Ranura MicroSD hasta 256GB - IR 50m | Luz Blanca 50 m | PoE 802.3at/af - Con Inteligencia Artificial - Color negro";https://d1x12lhh8s9nlj.cloudfront.net/images/productos/products/AJ-BULLETCAM-8-HL-B/AJ-BULLETCAM-8-HL-B.png
AJ-BULLETCAM-8-HL-W;AJAX;339.92;"Cámara IP Bullet 8 Megapixel Ajax - 1/2.7"" Progressive Scan CMOS - Lente 2.8 mm | Ranura MicroSD hasta 256GB - IR 50m | Luz Blanca 50 m | PoE 802.3at/af - Con Inteligencia Artificial - Color blanco";https://d1x12lhh8s9nlj.cloudfront.net/images/productos/products/AJ-BULLETCAM-8-HL-W/AJ-BULLETCAM-8-HL-W.png
AJ-BULLETCAM-8-HLVF-B;AJAX;482.46;"Cámara IP Bullet 8 Megapíxel Ajax - 1/2.8"" Progressive Scan CMOS - Lente varifocal motorizada 2.8~12 mm - IR 60 m | Luz blanca 40 m | PoE 802.3at/af - 120 dB TrueWDR | Detección de movimiento | IA - MicroSD hasta 256GB | Color Negro";https://d1x12lhh8s9nlj.cloudfront.net/images/productos/products/AJ-BULLETCAM-8-HLVF-B/AJ-BULLETCAM-8-HLVF-B.png
AJ-BULLETCAM-8-HLVF-S-B;AJAX;616.48;"Cámara IP Superior Bullet 8 Megapíxel Ajax - 1/1.8"" Progressive Scan CMOS - Lente varifocal motorizada 2.8~12 mm - IR 60 m | Luz blanca 40 m | PoE 802.3at/af - 120 dB TrueWDR | Detección de movimiento | IA - MicroSD hasta 256GB | Color Negro";https://d1x12lhh8s9nlj.cloudfront.net/images/productos/products/AJ-BULLETCAM-8-HLVF-S-B/AJ-BULLETCAM-8-HLVF-S-B.png
AJ-BULLETCAM-8-HLVF-S-W;AJAX;616.48;"Cámara IP Superior Bullet 8 Megapíxel Ajax - 1/1.8"" Progressive Scan CMOS - Lente varifocal motorizada 2.8~12 mm - IR 60 m | Luz blanca 40 m | PoE 802.3at/af - 120 dB TrueWDR | Detección de movimiento | IA - MicroSD hasta 256GB | Color Blanco";https://d1x12lhh8s9nlj.cloudfront.net/images/productos/products/AJ-BULLETCAM-8-HLVF-S-W/AJ-BULLETCAM-8-HLVF-S-W.png
AJ-BULLETCAM-8-HLVF-W;AJAX;482.46;"Cámara IP Bullet 8 Megapíxel Ajax - 1/2.8"" Progressive Scan CMOS - Lente varifocal motorizada 2.8~12 mm - IR 60 m | Luz blanca 40 m | PoE 802.3at/af - 120 dB TrueWDR | Detección de movimiento | IA - MicroSD hasta 256GB | Color Blanco";https://d1x12lhh8s9nlj.cloudfront.net/images/productos/products/AJ-BULLETCAM-8-HLVF-W/AJ-BULLETCAM-8-HLVF-W.png
AJ-BULLETCAM-8-W;AJAX;327.5;Cámara IP Bullet 8 Megapixel Ajax - Progressive Scan CMOS - Lente 2.8 mm, Ranura MicroSD hasta 256GB - IR LEDs Alcance 50m, PoE 802.3at - Con Inteligencia Artificial - Color blanco;https://d1x12lhh8s9nlj.cloudfront.net/images/productos/products/AJ-BULLETCAM-8-W/AJ-BULLETCAM-8-W.png
AJ-BUTTON-B;AJAX;38.76;Botón de pánico - Grado 2 - Inalámbrico 868 MHz Jeweller - Alcance espacio abierto 1300 m - Pulsación segura: doble o larga - Alimentación 1 pila CR2032 3.0 V - Protección IP55;https://d1x12lhh8s9nlj.cloudfront.net/images/productos/products/AJ-BUTTON-B/AJ-BUTTON-B.png
AJ-BUTTON-W;AJAX;38.76;Botón de pánico - Grado 2 - Inalámbrico 868 MHz Jeweller - Alcance espacio abierto 1300 m - Pulsación segura: doble o larga - Protección IP55 - Alimentación 1 pila CR2032 3.0 V;https://d1x12lhh8s9nlj.cloudfront.net/images/productos/products/AJ-BUTTON-W/AJ-BUTTON-W.png
AJ-BYPASS-DIMMER;AJAX;19.8;Bypass para luz regulable - Evita parpadeo de luz - Compatible con AJ-LIGHTCORE-DIMMER - Alimentación 230 V AC 50 Hz - Ajax - LightSwitch Bypass (Dimmer);https://d1x12lhh8s9nlj.cloudfront.net/images/productos/products/AJ-BYPASS-DIMMER/AJ-BYPASS-DIMMER.png
AJ-CAP-B;AJAX;28;Gorra - Color negro;https://d1x12lhh8s9nlj.cloudfront.net/images/productos/products/AJ-CAP-B/AJ-CAP-B.png
AJ-CENTERBUTTON-1G2W-B;AJAX;13.44;Panel táctil para interruptor de luz - Compatible con AJ-LIGHTCORE-1G / -2W - Retroiluminación LED - Panel táctil central sin contacto - Color negro - Ajax - LightSwitch CenterButton;https://d1x12lhh8s9nlj.cloudfront.net/images/productos/products/AJ-CENTERBUTTON-1G2W-B/AJ-CENTERBUTTON-1G2W-B.png
AJ-CENTERBUTTON-1G2W-B-VERT;AJAX;13.44;Panel táctil para interruptor de luz vertical - Compatible con AJ-LIGHTCORE-1G-VERT / -2W-VERT - Retroiluminación LED - Panel táctil central sin contacto - Color negro - Ajax - LightSwitch CenterButton Vertical;https://d1x12lhh8s9nlj.cloudfront.net/images/productos/products/AJ-CENTERBUTTON-1G2W-B-VERT/AJ-CENTERBUTTON-1G2W-B-VERT.png
AJ-CENTERBUTTON-1G2W-FOG;AJAX;13.44;Panel táctil para interruptor de luz simple - Compatible con AJ-LIGHTCORE-1G / -2W - Retroiluminación LED - Panel táctil central sin contacto - Color niebla - Ajax - LightSwitch CenterButton;https://d1x12lhh8s9nlj.cloudfront.net/images/productos/products/AJ-CENTERBUTTON-1G2W-FOG/AJ-CENTERBUTTON-1G2W-FOG.png
AJ-CENTERBUTTON-1G2W-GRA;AJAX;13.44;Panel táctil para interruptor de luz simple - Compatible con AJ-LIGHTCORE-1G / -2W - Retroiluminación LED - Panel táctil central sin contacto - Color grafito - Ajax - LightSwitch CenterButton;https://d1x12lhh8s9nlj.cloudfront.net/images/productos/products/AJ-CENTERBUTTON-1G2W-GRA/AJ-CENTERBUTTON-1G2W-GRA.png
AJ-CENTERBUTTON-1G2W-GRE;AJAX;13.44;Panel táctil para interruptor de luz simple - Compatible con AJ-LIGHTCORE-1G / -2W - Retroiluminación LED - Panel táctil central sin contacto - Color gris - Ajax - LightSwitch CenterButton;https://d1x12lhh8s9nlj.cloudfront.net/images/productos/products/AJ-CENTERBUTTON-1G2W-GRE/AJ-CENTERBUTTON-1G2W-GRE.png
AJ-CENTERBUTTON-1G2W-IVO;AJAX;13.44;Panel táctil para interruptor de luz simple - Compatible con AJ-LIGHTCORE-1G / -2W - Retroiluminación LED - Panel táctil central sin contacto - Color marfil - Ajax - LightSwitch CenterButton;https://d1x12lhh8s9nlj.cloudfront.net/images/productos/products/AJ-CENTERBUTTON-1G2W-IVO/AJ-CENTERBUTTON-1G2W-IVO.png
AJ-CENTERBUTTON-1G2W-OLI;AJAX;13.44;Panel táctil para interruptor de luz simple - Compatible con AJ-LIGHTCORE-1G / -2W - Retroiluminación LED - Panel táctil central sin contacto - Color oliva - Ajax - LightSwitch CenterButton;https://d1x12lhh8s9nlj.cloudfront.net/images/productos/products/AJ-CENTERBUTTON-1G2W-OLI/AJ-CENTERBUTTON-1G2W-OLI.png
AJ-CENTERBUTTON-1G2W-OYS;AJAX;13.44;Panel táctil para interruptor de luz simple - Compatible con AJ-LIGHTCORE-1G / -2W - Retroiluminación LED - Panel táctil central sin contacto - Color ostra - Ajax - LightSwitch CenterButton;https://d1x12lhh8s9nlj.cloudfront.net/images/productos/products/AJ-CENTERBUTTON-1G2W-OYS/AJ-CENTERBUTTON-1G2W-OYS.png
AJ-CENTERBUTTON-1G2W-W;AJAX;13.44;Panel táctil para interruptor de luz simple - Compatible con AJ-LIGHTCORE-1G / -2W - Retroiluminación LED - Panel táctil central sin contacto - Color blanco - Ajax - LightSwitch CenterButton;https://d1x12lhh8s9nlj.cloudfront.net/images/productos/products/AJ-CENTERBUTTON-1G2W-W/AJ-CENTERBUTTON-1G2W-W.png
AJ-CENTERBUTTON-1G2W-W-VERT;AJAX;13.44;Panel táctil para interruptor de luz vertical - Compatible con AJ-LIGHTCORE-1G-VERT / -2W-VERT - Retroiluminación LED - Panel táctil central sin contacto - Color blanco - Ajax - LightSwitch CenterButton Vertical;https://d1x12lhh8s9nlj.cloudfront.net/images/productos/products/AJ-CENTERBUTTON-1G2W-W-VERT/AJ-CENTERBUTTON-1G2W-W-VERT.png
AJ-CENTERBUTTON-2G-B;AJAX;14.36;Panel táctil para interruptor de luz doble - Compatible con AJ-LIGHTCORE-2G - Retroiluminación LED - Panel táctil central sin contacto - Color negro - Ajax - LightSwitch CenterButton;https://d1x12lhh8s9nlj.cloudfront.net/images/productos/products/AJ-CENTERBUTTON-2G-B/AJ-CENTERBUTTON-2G-B.png
AJ-CENTERBUTTON-2G-B-VERT;AJAX;14.36;Panel táctil para interruptor de luz doble - Compatible con AJ-LIGHTCORE-2G-VERT - Retroiluminación LED - Panel táctil central sin contacto - Color negro - Ajax - LightSwitch CenterButton Vertical;https://d1x12lhh8s9nlj.cloudfront.net/images/productos/products/AJ-CENTERBUTTON-2G-B-VERT/AJ-CENTERBUTTON-2G-B-VERT.png
AJ-CENTERBUTTON-2G-FOG;AJAX;14.36;Panel táctil para interruptor de luz doble - Compatible con AJ-LIGHTCORE-2G - Retroiluminación LED - Panel táctil central sin contacto - Color niebla - Ajax - LightSwitch CenterButton;https://d1x12lhh8s9nlj.cloudfront.net/images/productos/products/AJ-CENTERBUTTON-2G-FOG/AJ-CENTERBUTTON-2G-FOG.png
AJ-CENTERBUTTON-2G-GRA;AJAX;14.36;Panel táctil para interruptor de luz doble - Compatible con AJ-LIGHTCORE-2G - Retroiluminación LED - Panel táctil central sin contacto - Color grafito - Ajax - LightSwitch CenterButton;https://d1x12lhh8s9nlj.cloudfront.net/images/productos/products/AJ-CENTERBUTTON-2G-GRA/AJ-CENTERBUTTON-2G-GRA.png
AJ-CENTERBUTTON-2G-GRE;AJAX;14.36;Panel táctil para interruptor de luz doble - Compatible con AJ-LIGHTCORE-2G - Retroiluminación LED - Panel táctil central sin contacto - Color gris - Ajax - LightSwitch CenterButton;https://d1x12lhh8s9nlj.cloudfront.net/images/productos/products/AJ-CENTERBUTTON-2G-GRE/AJ-CENTERBUTTON-2G-GRE.png
AJ-CENTERBUTTON-2G-IVO;AJAX;14.36;Panel táctil para interruptor de luz doble - Compatible con AJ-LIGHTCORE-2G - Retroiluminación LED - Panel táctil central sin contacto - Color marfil - Ajax - LightSwitch CenterButton;https://d1x12lhh8s9nlj.cloudfront.net/images/productos/products/AJ-CENTERBUTTON-2G-IVO/AJ-CENTERBUTTON-2G-IVO.png
AJ-CENTERBUTTON-2G-OLI;AJAX;14.36;Panel táctil para interruptor de luz doble - Compatible con AJ-LIGHTCORE-2G - Retroiluminación LED - Panel táctil central sin contacto - Color oliva - Ajax - LightSwitch CenterButton;https://d1x12lhh8s9nlj.cloudfront.net/images/productos/products/AJ-CENTERBUTTON-2G-OLI/AJ-CENTERBUTTON-2G-OLI.png
AJ-CENTERBUTTON-2G-OYS;AJAX;14.36;Panel táctil para interruptor de luz doble - Compatible con AJ-LIGHTCORE-2G - Retroiluminación LED - Panel táctil central sin contacto - Color ostra - Ajax - LightSwitch CenterButton;https://d1x12lhh8s9nlj.cloudfront.net/images/productos/products/AJ-CENTERBUTTON-2G-OYS/AJ-CENTERBUTTON-2G-OYS.png
AJ-CENTERBUTTON-2G-W;AJAX;14.36;Panel táctil para interruptor de luz doble - Compatible con AJ-LIGHTCORE-2G - Retroiluminación LED - Panel táctil central sin contacto - Color blanco - Ajax - LightSwitch CenterButton;https://d1x12lhh8s9nlj.cloudfront.net/images/productos/products/AJ-CENTERBUTTON-2G-W/AJ-CENTERBUTTON-2G-W.png
AJ-CENTERBUTTON-2G-W-VERT;AJAX;14.36;Panel táctil para interruptor doble vertical - Compatible con AJ-LIGHTCORE-2G-VERT - Retroiluminación LED - Panel táctil central sin contacto - Color blanco - Ajax - LightSwitch CenterButton Vertical;https://d1x12lhh8s9nlj.cloudfront.net/images/productos/products/AJ-CENTERBUTTON-2G-W-VERT/AJ-CENTERBUTTON-2G-W-VERT.png
AJ-CENTERBUTTON-DIMMER-B;AJAX;44.78;Panel táctil para interruptor de luz regulable - Compatible con AJ-LIGHTCORE-DIMMER - Retroiluminación LED - Panel táctil central sin contacto - Color negro - Ajax - LightSwitch CenterButton (Dimmer);https://d1x12lhh8s9nlj.cloudfront.net/images/productos/products/AJ-CENTERBUTTON-DIMMER-B/AJ-CENTERBUTTON-DIMMER-B.png
AJ-CENTERBUTTON-DIMMER-B-VERT;AJAX;44.78;Panel táctil para interruptor de luz regulable - Compatible con AJ-LIGHTCORE-DIMMER-VERT - Retroiluminación LED - Panel táctil central sin contacto - Color negro - Ajax - LightSwitch CenterButton (Dimmer)Vertical;https://d1x12lhh8s9nlj.cloudfront.net/images/productos/products/AJ-CENTERBUTTON-DIMMER-B-VERT/AJ-CENTERBUTTON-DIMMER-B-VERT.png
AJ-CENTERBUTTON-DIMMER-W;AJAX;44.78;Panel táctil para interruptor de luz regulable - Compatible con AJ-LIGHTCORE-DIMMER - Retroiluminación LED - Panel táctil central sin contacto - Color blanco - Ajax - LightSwitch CenterButton (Dimmer);https://d1x12lhh8s9nlj.cloudfront.net/images/productos/products/AJ-CENTERBUTTON-DIMMER-W/AJ-CENTERBUTTON-DIMMER-W.png
AJ-CENTERBUTTON-DIMMER-W-VERT;AJAX;44.78;Panel táctil para interruptor de luz regulable - Compatible con AJ-LIGHTCORE-DIMMER-VERT - Retroiluminación LED - Panel táctil central sin contacto - Color blanco - Ajax - CenterButton (Dimmer) Vertical;https://d1x12lhh8s9nlj.cloudfront.net/images/productos/products/AJ-CENTERBUTTON-DIMMER-W-VERT/AJ-CENTERBUTTON-DIMMER-W-VERT.png
AJ-CENTERCOVER-B;AJAX;13.08;Tapa central para enchufe básico tipo F - Compatible con AJ-OUTLETCORE-BASIC - Protección contra polvo, salpicaduras, objetos - Sin monitorizacion de consumo - Sin control remoto - Color negro;https://d1x12lhh8s9nlj.cloudfront.net/images/productos/products/AJ-CENTERCOVER-B/AJ-CENTERCOVER-B.png
AJ-CENTERCOVER-CP-W;AJAX;9.3;Tapa central de la caja de montaje - Necesita AJ-COVERHOLDER-COVERPLATE - Combinable con interruptores y enchufes Ajax - Color blanco - Ajax - CenterCover (CP);https://d1x12lhh8s9nlj.cloudfront.net/images/productos/products/AJ-CENTERCOVER-CP-W/AJ-CENTERCOVER-CP-W.png
AJ-CENTERCOVER-FOG;AJAX;13.08;Tapa central para enchufe básico tipo F - Compatible con AJ-OUTLETCORE-BASIC - Protección contra polvo, salpicaduras, objetos - Sin monitorizacion de consumo - Sin control remoto - Color niebla;https://d1x12lhh8s9nlj.cloudfront.net/images/productos/products/AJ-CENTERCOVER-FOG/AJ-CENTERCOVER-FOG.png
AJ-CENTERCOVER-GRA;AJAX;13.08;Tapa central para enchufe básico tipo F - Compatible con AJ-OUTLETCORE-BASIC - Protección contra polvo, salpicaduras, objetos - Sin monitorizacion de consumo - Sin control remoto - Color grafito;https://d1x12lhh8s9nlj.cloudfront.net/images/productos/products/AJ-CENTERCOVER-GRA/AJ-CENTERCOVER-GRA.png
AJ-CENTERCOVER-GRE;AJAX;13.08;Tapa central para enchufe básico tipo F - Compatible con AJ-OUTLETCORE-BASIC - Protección contra polvo, salpicaduras, objetos - Sin monitorizacion de consumo - Sin control remoto - Color gris;https://d1x12lhh8s9nlj.cloudfront.net/images/productos/products/AJ-CENTERCOVER-GRE/AJ-CENTERCOVER-GRE.png
AJ-CENTERCOVER-IVO;AJAX;13.08;Tapa central para enchufe básico tipo F - Compatible con AJ-OUTLETCORE-BASIC - Protección contra polvo, salpicaduras, objetos - Sin monitorizacion de consumo - Sin control remoto - Color marfil;https://d1x12lhh8s9nlj.cloudfront.net/images/productos/products/AJ-CENTERCOVER-IVO/AJ-CENTERCOVER-IVO.png
AJ-CENTERCOVER-LAN-B;AJAX;6.82;Tapa central para enchufe Ethernet - Compatible con AJ-OUTLETCORE-LAN-B - Requiere marco AJ-FRAME - Color negro;https://d1x12lhh8s9nlj.cloudfront.net/images/productos/products/AJ-CENTERCOVER-LAN-B/AJ-CENTERCOVER-LAN-B.png
AJ-CENTERCOVER-LAN-W;AJAX;6.82;Tapa central para enchufe Ethernet - Compatible con AJ-OUTLETCORE-LAN-W - Requiere marco AJ-FRAME - Color blanco;https://d1x12lhh8s9nlj.cloudfront.net/images/productos/products/AJ-CENTERCOVER-LAN-W/AJ-CENTERCOVER-LAN-W.png
AJ-CENTERCOVER-OLI;AJAX;13.08;Tapa central para enchufe básico tipo F - Compatible con AJ-OUTLETCORE-BASIC - Protección contra polvo, salpicaduras, objetos - Sin monitorizacion de consumo - Sin control remoto - Color oliva;https://d1x12lhh8s9nlj.cloudfront.net/images/productos/products/AJ-CENTERCOVER-OLI/AJ-CENTERCOVER-OLI.png
AJ-CENTERCOVER-OYS;AJAX;13.08;Tapa central para enchufe básico tipo F - Compatible con AJ-OUTLETCORE-BASIC - Protección contra polvo, salpicaduras, objetos - Sin monitorizacion de consumo - Sin control remoto - Color ostra;https://d1x12lhh8s9nlj.cloudfront.net/images/productos/products/AJ-CENTERCOVER-OYS/AJ-CENTERCOVER-OYS.png
AJ-CENTERCOVER-SMART-B;AJAX;22.04;Tapa central para enchufe inteligente tipo F - Compatible con AJ-OUTLETCORE-SMART - Indicador LED sobre estado del enchufe y consumo - Botón táctil para control manual - Retroalimentación LED - Color negro;https://d1x12lhh8s9nlj.cloudfront.net/images/productos/products/AJ-CENTERCOVER-SMART-B/AJ-CENTERCOVER-SMART-B.png
AJ-CENTERCOVER-SMART-FOG;AJAX;22.04;Tapa central para enchufe inteligente tipo F - Compatible con AJ-OUTLETCORE-SMART - Indicador LED sobre estado del enchufe y consumo - Botón táctil para control manual - Retroalimentación LED - Color niebla;https://d1x12lhh8s9nlj.cloudfront.net/images/productos/products/AJ-CENTERCOVER-SMART-FOG/AJ-CENTERCOVER-SMART-FOG.png
AJ-CENTERCOVER-SMART-GRA;AJAX;22.04;Tapa central para enchufe inteligente tipo F - Compatible con AJ-OUTLETCORE-SMART - Indicador LED sobre estado del enchufe y consumo - Botón táctil para control manual - Retroalimentación LED - Color grafito;https://d1x12lhh8s9nlj.cloudfront.net/images/productos/products/AJ-CENTERCOVER-SMART-GRA/AJ-CENTERCOVER-SMART-GRA.png
AJ-CENTERCOVER-SMART-GRE;AJAX;22.04;Tapa central para enchufe inteligente tipo F - Compatible con AJ-OUTLETCORE-SMART - Indicador LED sobre estado del enchufe y consumo - Botón táctil para control manual - Retroalimentación LED - Color gris;https://d1x12lhh8s9nlj.cloudfront.net/images/productos/products/AJ-CENTERCOVER-SMART-GRE/AJ-CENTERCOVER-SMART-GRE.png
AJ-CENTERCOVER-SMART-IVO;AJAX;22.04;Tapa central para enchufe inteligente tipo F - Compatible con AJ-OUTLETCORE-SMART - Indicador LED sobre estado del enchufe y consumo - Botón táctil para control manual - Retroalimentación LED - Color marfil;https://d1x12lhh8s9nlj.cloudfront.net/images/productos/products/AJ-CENTERCOVER-SMART-IVO/AJ-CENTERCOVER-SMART-IVO.png
AJ-CENTERCOVER-SMART-OLI;AJAX;22.04;Tapa central para enchufe inteligente tipo F - Compatible con AJ-OUTLETCORE-SMART - Indicador LED sobre estado del enchufe y consumo - Botón táctil para control manual - Retroalimentación LED - Color oliva;https://d1x12lhh8s9nlj.cloudfront.net/images/productos/products/AJ-CENTERCOVER-SMART-OLI/AJ-CENTERCOVER-SMART-OLI.png
AJ-CENTERCOVER-SMART-OYS;AJAX;22.04;Tapa central para enchufe inteligente tipo F - Compatible con AJ-OUTLETCORE-SMART - Indicador LED sobre estado del enchufe y consumo - Botón táctil para control manual - Retroalimentación LED - Color ostra;https://d1x12lhh8s9nlj.cloudfront.net/images/productos/products/AJ-CENTERCOVER-SMART-OYS/AJ-CENTERCOVER-SMART-OYS.png
AJ-CENTERCOVER-SMART-W;AJAX;22.04;Tapa central para enchufe inteligente tipo F - Compatible con AJ-OUTLETCORE-SMART - Indicador LED sobre estado del enchufe y consumo - Botón táctil para control manual - Retroalimentación LED - Color blanco;https://d1x12lhh8s9nlj.cloudfront.net/images/productos/products/AJ-CENTERCOVER-SMART-W/AJ-CENTERCOVER-SMART-W.png
AJ-CENTERCOVER-W;AJAX;13.08;Tapa central para enchufe básico tipo F - Compatible con AJ-OUTLETCORE-BASIC - Protección contra polvo, salpicaduras, objetos - Sin monitorizacion de consumo - Sin control remoto - Color blanco;https://d1x12lhh8s9nlj.cloudfront.net/images/productos/products/AJ-CENTERCOVER-W/AJ-CENTERCOVER-W.png
AJ-COMBIPROTECT-B;AJAX;108.12;Detector PIR y rotura de cristal - Grado 2 - Inalámbrico 868 MHz Jeweller - Inmunidad ante mascotas - Sensibilidad ajustable - Rango de detección PIR 12 m - Rango de detección rotura de cristal 9 m;https://d1x12lhh8s9nlj.cloudfront.net/images/productos/products/AJ-COMBIPROTECT-B/AJ-COMBIPROTECT-B.png
AJ-COMBIPROTECT-B-DUMMY;AJAX;14;Carcasa para detector de movimiento - AJ-COMBIPROTECT-B - Instalación sencilla - Incluye SmartBracket - Plástico ABS - Color negro;https://d1x12lhh8s9nlj.cloudfront.net/images/productos/products/AJ-COMBIPROTECT-B-DUMMY/AJ-COMBIPROTECT-B-DUMMY.png
AJ-COMBIPROTECT-W;AJAX;108.12;Detector PIR y rotura de cristal - Grado 2 - Inalámbrico 868 MHz Jeweller - Rango de detección PIR 12 m - Rango de detección rotura de cristal 9 m - Sensibilidad ajustable - Inmunidad ante mascotas;https://d1x12lhh8s9nlj.cloudfront.net/images/productos/products/AJ-COMBIPROTECT-W/AJ-COMBIPROTECT-W.png
AJ-COMBIPROTECT-W-DUMMY;AJAX;14;Carcasa para detector de movimiento - AJ-COMBIPROTECT-W - Instalación sencilla - Incluye SmartBracket - Plástico ABS - Color blanco;https://d1x12lhh8s9nlj.cloudfront.net/images/productos/products/AJ-COMBIPROTECT-W-DUMMY/AJ-COMBIPROTECT-W-DUMMY.png
AJ-COVERHOLDER-COVERPLATE;AJAX;10.08;Soporte para tapa de la caja de montaje - Compatibilidad con tapas AJ-SOLOCOVER-CP - AJ-SIDECOVER-CP y AJ-CENTERCOVER-CP - Combinable con interruptores y enchufes Ajax - Ajax - CoverHolder [55];https://d1x12lhh8s9nlj.cloudfront.net/images/productos/products/AJ-COVERHOLDER-COVERPLATE/AJ-COVERHOLDER-COVERPLATE.png
AJ-CUP;AJAX;20.3;Taza - Color blanco;https://d1x12lhh8s9nlj.cloudfront.net/images/productos/products/AJ-CUP/AJ-CUP.png
AJ-CURTAINCAMOUTDOOR-HIGHMOUNT-PHOD-W;AJAX;545.32;Fotodetector cortina exterior con imagen - Doble tecnología: PIR y microondas banda K - Gestor de privacidad / Sensor antimasking - Detección hasta 15 m (H: 7°, V: 73º) - Instalación en altura 2~4 m - Soporte giratorio incluido;https://d1x12lhh8s9nlj.cloudfront.net/images/productos/products/AJ-CURTAINCAMOUTDOOR-HIGHMOUNT-PHOD-W/AJ-CURTAINCAMOUTDOOR-HIGHMOUNT-PHOD-W.png
AJ-CURTAINOUTDOOR-MINI-W;AJAX;165.78;Detector PIR exterior tipo cortina - Grado 2 - Doble tecnología: PIR y microondas banda K - Sensor antimasking - 2 modos de detección: principal y mascota - Detección hasta 5 m (H: 15°, V: 100º) - Instalación en altura 2~4 m;https://d1x12lhh8s9nlj.cloudfront.net/images/productos/products/AJ-CURTAINOUTDOOR-MINI-W/AJ-CURTAINOUTDOOR-MINI-W.png
AJ-CURTAINOUTDOOR-W;AJAX;231.84;Detector PIR exterior tipo cortina - Grado 2 - Inalámbrico 868 MHz Jeweller - Doble PIR tipo cortina y microondas (24 GHz) - Alcance detección 8~12 m - 8º H / 85º V - Antimasking / Sensibilidad ajustable - Uso exterior IP55;https://d1x12lhh8s9nlj.cloudfront.net/images/productos/products/AJ-CURTAINOUTDOOR-W/AJ-CURTAINOUTDOOR-W.png
AJ-CURTAINPROTECT-B;AJAX;93.84;Detector PIR tipo cortina - Grado 2 - Inalámbrico 868 MHz Jeweller - Alcance detección 6~15 m / 6º H / 90º V - Sensibilidad ajustable - Tamper antisabotaje - Uso interior;https://d1x12lhh8s9nlj.cloudfront.net/images/productos/products/AJ-CURTAINPROTECT-B/AJ-CURTAINPROTECT-B.png
AJ-CURTAINPROTECT-B-DUMMY;AJAX;24;Carcasa para detector de cortina - AJ-CURTAINPROTECT-B - Instalación sencilla - Incluye SmartBracket - Plástico ABS - Color negro;https://d1x12lhh8s9nlj.cloudfront.net/images/productos/products/AJ-CURTAINPROTECT-B-DUMMY/AJ-CURTAINPROTECT-B-DUMMY.png
AJ-CURTAINPROTECT-W;AJAX;93.84;Detector PIR tipo cortina - Grado 2 - Inalámbrico 868 MHz Jeweller - Alcance detección 6~15 m / 6º H / 90º V - Sensibilidad ajustable - Tamper antisabotaje - Uso interior;https://d1x12lhh8s9nlj.cloudfront.net/images/productos/products/AJ-CURTAINPROTECT-W/AJ-CURTAINPROTECT-W.png
AJ-CURTAINPROTECT-W-DUMMY;AJAX;24;Carcasa para detector de cortina - AJ-CURTAINPROTECT-W - Instalación sencilla - Incluye SmartBracket - Plástico ABS - Color blanco;https://d1x12lhh8s9nlj.cloudfront.net/images/productos/products/AJ-CURTAINPROTECT-W-DUMMY/AJ-CURTAINPROTECT-W-DUMMY.png
AJ-DC1224V-PCB1;AJAX;34;Módulo alimentación 12-24 VDC - Compatible con Ajax Hub, Hub Plus y ReX - Tensión de entrada 8~32 VDC - Conector CON280 incluido;https://d1x12lhh8s9nlj.cloudfront.net/images/productos/products/AJ-DC1224V-PCB1/AJ-DC1224V-PCB1.png
AJ-DC1224V-PCB2;AJAX;34;Módulo alimentación 12-24 VDC - Compatible con Ajax Hub 2, Hub 2 Plus y ReX 2 - Tensión de entrada 8~32 VDC - Conector CON280 incluido;https://d1x12lhh8s9nlj.cloudfront.net/images/productos/products/AJ-DC1224V-PCB2/AJ-DC1224V-PCB2.png
AJ-DC12V-PSU-NVR;AJAX;38.32;Módulo alimentación 12 VDC - Compatible con Ajax NVR 8-ch y 16-ch - Tensión de entrada 8~16 VDC - Conector CON280 incluido;https://d1x12lhh8s9nlj.cloudfront.net/images/productos/products/AJ-DC12V-PSU-NVR/AJ-DC12V-PSU-NVR.png
AJ-DC6V-PCB2;AJAX;34.68;Módulo alimentación 6 VDC - Compatible con Ajax Hub 2 , Hub 2 Plus y ReX 2 - Tensión de entrada 4.2~10 VDC - Consumo medio por hora 95 mA - Conector CON280 incluido;https://d1x12lhh8s9nlj.cloudfront.net/images/productos/products/AJ-DC6V-PCB2/AJ-DC6V-PCB2.png
AJ-DEMOCASE-B;AJAX;700;Maletín Demo - Kit de alarma profesional - Certificado Grado 2 - Comunicación Ethernet y GPRS - Inalámbrico 868 MHz Jeweller - App Móvil y Web / Color negro;https://d1x12lhh8s9nlj.cloudfront.net/images/productos/products/AJ-DEMOCASE-B/AJ-DEMOCASE-B.png
AJ-DEMOCASE-W;AJAX;700;Maletín Demo - Kit de alarma profesional - Certificado Grado 2 - Comunicación Ethernet y GPRS - Inalámbrico 868 MHz Jeweller - App Móvil y Web / Color blanco;https://d1x12lhh8s9nlj.cloudfront.net/images/productos/products/AJ-DEMOCASE-W/AJ-DEMOCASE-W.png
AJ-DEMOCASE2-B;AJAX;850;Maletín Demo - Kit de alarma profesional Grado 2 - Ajax MotionCam para envío de imágenes - Comunicación Ethernet y GPRS - Inalámbrico 868 MHz Jeweller - App Móvil y Software PC / Color negro;https://d1x12lhh8s9nlj.cloudfront.net/images/productos/products/AJ-DEMOCASE2-B/AJ-DEMOCASE2-B.png
AJ-DEMOCASE2-W;AJAX;850;Maletín Demo - Kit de alarma profesional Grado 2 - Ajax MotionCam para envío de imágenes - Comunicación Ethernet y GPRS - Inalámbrico 868 MHz Jeweller - App Móvil y Software PC / Color blanco;https://d1x12lhh8s9nlj.cloudfront.net/images/productos/products/AJ-DEMOCASE2-W/AJ-DEMOCASE2-W.png
AJ-DINHOLDER;AJAX;13.4;Soporte para carriles DIN - Compatible con AJ-RELAY - Compatible con AJ-WALLSWITCH - Color negro;https://d1x12lhh8s9nlj.cloudfront.net/images/productos/products/AJ-DINHOLDER/AJ-DINHOLDER.png
AJ-DOMECAM-4-HLVF-S-B;AJAX;482.46;"Cámara Superior IP Domo 4 Megapíxel Ajax - 1/1.8"" Progressive Scan CMOS - Lente varifocal motorizada 2.8~12 mm - IR 40m | Luz Blanca 25 m | PoE 802.3at/af - TrueWDR | Detección de movimiento | IA - Color negro";https://d1x12lhh8s9nlj.cloudfront.net/images/productos/products/AJ-DOMECAM-4-HLVF-S-B/AJ-DOMECAM-4-HLVF-S-B.png
AJ-DOMECAM-4-HLVF-S-W;AJAX;482.46;"Cámara Superior IP Domo 4 Megapíxel Ajax - 1/1.8"" Progressive Scan CMOS - Lente varifocal motorizada 2.8~12 mm - IR 40m | Luz Blanca 25 m | PoE 802.3at/af - TrueWDR | Detección de movimiento | IA - Color Blanco";https://d1x12lhh8s9nlj.cloudfront.net/images/productos/products/AJ-DOMECAM-4-HLVF-S-W/AJ-DOMECAM-4-HLVF-S-W.png
AJ-DOMECAM-5-HLVF-B;AJAX;348.44;"Cámara IP Domo 5 Megapíxel Ajax - 1/2.7"" Progressive Scan CMOS - Lente varifocal motorizada 2.8~12 mm - IR 40m | Luz Blanca 25 m | PoE 802.3at/af - TrueWDR | Detección de movimiento | IA - Color negro";https://d1x12lhh8s9nlj.cloudfront.net/images/productos/products/AJ-DOMECAM-5-HLVF-B/AJ-DOMECAM-5-HLVF-B.png
AJ-DOMECAM-5-HLVF-W;AJAX;348.44;"Cámara IP Domo 5 Megapíxel Ajax - 1/2.7"" Progressive Scan CMOS - Lente varifocal motorizada 2.8~12 mm - IR 40m | Luz Blanca 25 m | PoE 802.3at/af - TrueWDR | Detección de movimiento | IA - Color blanco";https://d1x12lhh8s9nlj.cloudfront.net/images/productos/products/AJ-DOMECAM-5-HLVF-W/AJ-DOMECAM-5-HLVF-W.png
AJ-DOMECAM-8-HLVF-B;AJAX;482.46;"Cámara IP Domo 8 Megapíxel Ajax - 1/2.8"" Progressive Scan CMOS - Lente varifocal motorizada 2.8~12 mm - IR 40m | Luz Blanca 25 m | PoE 802.3at/af - TrueWDR | Detección de movimiento | IA - Color negro";https://d1x12lhh8s9nlj.cloudfront.net/images/productos/products/AJ-DOMECAM-8-HLVF-B/AJ-DOMECAM-8-HLVF-B.png
AJ-DOMECAM-8-HLVF-S-B;AJAX;616.48;"Cámara Superior IP Domo 8 Megapíxel Ajax - 1/1.8"" Progressive Scan CMOS - Lente varifocal motorizada 2.8~12 mm - IR 40m | Luz Blanca 25 m | PoE 802.3at/af - TrueWDR | Detección de movimiento | IA - Color negro";https://d1x12lhh8s9nlj.cloudfront.net/images/productos/products/AJ-DOMECAM-8-HLVF-S-B/AJ-DOMECAM-8-HLVF-S-B.png
AJ-DOMECAM-8-HLVF-S-W;AJAX;616.48;"Cámara Superior IP Domo 8 Megapíxel Ajax - 1/1.8"" Progressive Scan CMOS - Lente varifocal motorizada 2.8~12 mm - IR 40m | Luz Blanca 25 m | PoE 802.3at/af - TrueWDR | Detección de movimiento | IA - Color blanco";https://d1x12lhh8s9nlj.cloudfront.net/images/productos/products/AJ-DOMECAM-8-HLVF-S-W/AJ-DOMECAM-8-HLVF-S-W.png
AJ-DOMECAM-8-HLVF-W;AJAX;482.46;"Cámara IP Domo 8 Megapíxel Ajax - 1/2.8"" Progressive Scan CMOS - Lente varifocal motorizada 2.8~12 mm - IR 40m | Luz Blanca 25 m | PoE 802.3at/af - TrueWDR | Detección de movimiento | IA - Color blanco";https://d1x12lhh8s9nlj.cloudfront.net/images/productos/products/AJ-DOMECAM-8-HLVF-W/AJ-DOMECAM-8-HLVF-W.png
AJ-DOMECAM-MINI-5-0400-B;AJAX;245.6;Cámara IP 5 Megapixel Ajax - Progressive Scan CMOS - Lente 4 mm, Ranura MicroSD hasta 256GB - IR LEDs Alcance 15m, PoE 802.3at - Con Inteligencia Artificial - Color Negro;https://d1x12lhh8s9nlj.cloudfront.net/images/productos/products/AJ-DOMECAM-MINI-5-0400-B/AJ-DOMECAM-MINI-5-0400-B.png
AJ-DOMECAM-MINI-5-0400-HL-B;AJAX;254.92;"Cámara IP 5 Megapixel Ajax - 1/2.8"" Progressive Scan CMOS - Lente 4 mm, Ranura MicroSD hasta 256GB - IR15m | Luz Blanca 15 m | PoE 802.3at/af - Con Inteligencia Artificial - Color negro";https://d1x12lhh8s9nlj.cloudfront.net/images/productos/products/AJ-DOMECAM-MINI-5-0400-HL-B/AJ-DOMECAM-MINI-5-0400-HL-B.png
AJ-DOMECAM-MINI-5-0400-HL-W;AJAX;254.92;"Cámara IP 5 Megapixel Ajax - 1/2.8"" Progressive Scan CMOS - Lente 4 mm, Ranura MicroSD hasta 256GB - IR15m | Luz Blanca 15 m | PoE 802.3at/af - Con Inteligencia Artificial - Color blanco";https://d1x12lhh8s9nlj.cloudfront.net/images/productos/products/AJ-DOMECAM-MINI-5-0400-HL-W/AJ-DOMECAM-MINI-5-0400-HL-W.png
AJ-DOMECAM-MINI-5-0400-W;AJAX;245.6;Cámara IP 5 Megapixel Ajax - Progressive Scan CMOS - Lente 4 mm, Ranura MicroSD hasta 256GB - IR LEDs Alcance 15m, PoE 802.3at - Con Inteligencia Artificial - Color blanco;https://d1x12lhh8s9nlj.cloudfront.net/images/productos/products/AJ-DOMECAM-MINI-5-0400-W/AJ-DOMECAM-MINI-5-0400-W.png
AJ-DOMECAM-MINI-5-B;AJAX;245.6;Cámara IP 5 Megapixel Ajax - Progressive Scan CMOS - Lente 2.8 mm, Ranura MicroSD hasta 256GB - IR LEDs Alcance 15m, PoE 802.3at - Con Inteligencia Artificial - Color Negro;https://d1x12lhh8s9nlj.cloudfront.net/images/productos/products/AJ-DOMECAM-MINI-5-B/AJ-DOMECAM-MINI-5-B.png
AJ-DOMECAM-MINI-5-HL-B;AJAX;254.92;"Cámara IP 5 Megapixel Ajax - 1/2.8"" Progressive Scan CMOS - Lente 2.8 mm, Ranura MicroSD hasta 256GB - IR15m | Luz Blanca 15 m | PoE 802.3at/af - Con Inteligencia Artificial - Color negro";https://d1x12lhh8s9nlj.cloudfront.net/images/productos/products/AJ-DOMECAM-MINI-5-HL-B/AJ-DOMECAM-MINI-5-HL-B.png
AJ-DOMECAM-MINI-5-HL-W;AJAX;254.92;"Cámara IP 5 Megapixel Ajax - 1/2.8"" Progressive Scan CMOS - Lente 2.8 mm, Ranura MicroSD hasta 256GB - IR15m | Luz Blanca 15 m | PoE 802.3at/af - Con Inteligencia Artificial - Color blanco";https://d1x12lhh8s9nlj.cloudfront.net/images/productos/products/AJ-DOMECAM-MINI-5-HL-W/AJ-DOMECAM-MINI-5-HL-W.png
AJ-DOMECAM-MINI-5-W;AJAX;245.6;Cámara IP 5 Megapixel Ajax - Progressive Scan CMOS - Lente 2.8 mm, Ranura MicroSD hasta 256GB - IR LEDs Alcance 15m, PoE 802.3at - Con Inteligencia Artificial - Color blanco;https://d1x12lhh8s9nlj.cloudfront.net/images/productos/products/AJ-DOMECAM-MINI-5-W/AJ-DOMECAM-MINI-5-W.png
AJ-DOMECAM-MINI-8-0400-B;AJAX;327.5;Cámara IP 8 Megapixel Ajax - Progressive Scan CMOS - Lente 4 mm, Ranura MicroSD hasta 256GB - IR LEDs Alcance 15m, PoE 802.3at - Con Inteligencia Artificial - Color Negro;https://d1x12lhh8s9nlj.cloudfront.net/images/productos/products/AJ-DOMECAM-MINI-8-0400-B/AJ-DOMECAM-MINI-8-0400-B.png
AJ-DOMECAM-MINI-8-0400-HL-B;AJAX;339.92;"Cámara IP 8 Megapixel Ajax - 1/2.8"" Progressive Scan CMOS - Lente 4 mm | Ranura MicroSD hasta 256GB - IR15m | Luz Blanca 15 m | PoE 802.3at/af - Con Inteligencia Artificial - Color negro";https://d1x12lhh8s9nlj.cloudfront.net/images/productos/products/AJ-DOMECAM-MINI-8-0400-HL-B/AJ-DOMECAM-MINI-8-0400-HL-B.png
AJ-DOMECAM-MINI-8-0400-HL-W;AJAX;339.92;"Cámara IP 8 Megapixel Ajax - 1/2.8"" Progressive Scan CMOS - Lente 4 mm | Ranura MicroSD hasta 256GB - IR15m | Luz Blanca 15 m | PoE 802.3at/af - Con Inteligencia Artificial - Color blanco";https://d1x12lhh8s9nlj.cloudfront.net/images/productos/products/AJ-DOMECAM-MINI-8-0400-HL-W/AJ-DOMECAM-MINI-8-0400-HL-W.png
AJ-DOMECAM-MINI-8-0400-W;AJAX;327.5;Cámara IP 8 Megapixel Ajax - Progressive Scan CMOS - Lente 4 mm, Ranura MicroSD hasta 256GB - IR LEDs Alcance 15m, PoE 802.3at - Con Inteligencia Artificial - Color blanco;https://d1x12lhh8s9nlj.cloudfront.net/images/productos/products/AJ-DOMECAM-MINI-8-0400-W/AJ-DOMECAM-MINI-8-0400-W.png
AJ-DOMECAM-MINI-8-B;AJAX;327.5;Cámara IP 8 Megapixel Ajax - Progressive Scan CMOS - Lente 2.8 mm, MicroSD hasta 256GB - IR LEDs Alcance 15m, PoE 802.3at - Con Inteligencia Artificial - Color Negro;https://d1x12lhh8s9nlj.cloudfront.net/images/productos/products/AJ-DOMECAM-MINI-8-B/AJ-DOMECAM-MINI-8-B.png
AJ-DOMECAM-MINI-8-HL-B;AJAX;339.92;"Cámara IP 8 Megapixel Ajax - 1/2.8"" Progressive Scan CMOS - Lente 2.8 mm, Ranura MicroSD hasta 256GB - IR15m | Luz Blanca 15 m | PoE 802.3at/af - Con Inteligencia Artificial - Color negro";https://d1x12lhh8s9nlj.cloudfront.net/images/productos/products/AJ-DOMECAM-MINI-8-HL-B/AJ-DOMECAM-MINI-8-HL-B.png
AJ-DOMECAM-MINI-8-HL-W;AJAX;339.92;"Cámara IP 8 Megapixel Ajax - 1/2.8"" Progressive Scan CMOS - Lente 2.8 mm, Ranura MicroSD hasta 256GB - IR15m | Luz Blanca 15 m | PoE 802.3at/af - Con Inteligencia Artificial - Color blanco";https://d1x12lhh8s9nlj.cloudfront.net/images/productos/products/AJ-DOMECAM-MINI-8-HL-W/AJ-DOMECAM-MINI-8-HL-W.png
AJ-DOMECAM-MINI-8-W;AJAX;327.5;Cámara IP 8 Megapixel Ajax - Progressive Scan CMOS - Lente 2.8 mm, MicroSD hasta 256GB - IR LEDs Alcance 15m, PoE 802.3at - Con Inteligencia Artificial - Color blanco;https://d1x12lhh8s9nlj.cloudfront.net/images/productos/products/AJ-DOMECAM-MINI-8-W/AJ-DOMECAM-MINI-8-W.png
AJ-DOORBELL-4-B;AJAX;367.94;Doorbell 4 MP con IA integrada - Detector PIR alcance hasta 4 m - Audio bidireccional con cancelación de ruido - Visión nocturna IR, alcance de hasta 6 m - Wi-Fi 2.4 GHz con respaldo de Jeweller/Wings - Color negro;https://d1x12lhh8s9nlj.cloudfront.net/images/productos/products/AJ-DOORBELL-4-B/AJ-DOORBELL-4-B.png
AJ-DOORBELL-4-GRA;AJAX;367.94;Doorbell 4 MP con IA integrada - Detector PIR alcance hasta 4 m - Audio bidireccional con cancelación de ruido - Visión nocturna IR, alcance de hasta 6 m - Wi-Fi 2.4 GHz con respaldo de Jeweller/Wings - Color grafito;https://d1x12lhh8s9nlj.cloudfront.net/images/productos/products/AJ-DOORBELL-4-GRA/AJ-DOORBELL-4-GRA.png
AJ-DOORBELL-4-GRE;AJAX;367.94;Doorbell 4 MP con IA integrada - Detector PIR alcance hasta 4 m - Audio bidireccional con cancelación de ruido - Visión nocturna IR, alcance de hasta 6 m - Wi-Fi 2.4 GHz con respaldo de Jeweller/Wings - Color gris;https://d1x12lhh8s9nlj.cloudfront.net/images/productos/products/AJ-DOORBELL-4-GRE/AJ-DOORBELL-4-GRE.png
AJ-DOORBELL-4-W;AJAX;367.94;Doorbell 4 MP con IA integrada - Detector PIR alcance hasta 4 m - Audio bidireccional con cancelación de ruido - Visión nocturna IR, alcance de hasta 6 m - Wi-Fi 2.4 GHz con respaldo de Jeweller/Wings - Color blanco;https://d1x12lhh8s9nlj.cloudfront.net/images/productos/products/AJ-DOORBELL-4-W/AJ-DOORBELL-4-W.png
AJ-DOORPROTECT-B;AJAX;44.88;Contacto magnético puerta/ventana - Grado 2 - Inalámbrico 868 MHz Jeweller - Indicador LED y antena interna - Entrada cableada / Tamper antisabotaje - Alcance hasta 1200 m - Alimentación 1 pila CR123A 3.0 V (incluida);https://d1x12lhh8s9nlj.cloudfront.net/images/productos/products/AJ-DOORPROTECT-B/AJ-DOORPROTECT-B.png
AJ-DOORPROTECT-B-DUMMY;AJAX;9.78;Carcasa para contacto magnético - AJ-DOORPROTECT-B y AJ-DOORPROTECTPLUS-B - Instalación sencilla - Incluye SmartBracket - Plástico ABS - Color negro;https://d1x12lhh8s9nlj.cloudfront.net/images/productos/products/AJ-DOORPROTECT-B-DUMMY/AJ-DOORPROTECT-B-DUMMY.png
AJ-DOORPROTECT-W;AJAX;44.88;Contacto magnético puerta/ventana - Grado 2 - Inalámbrico 868 MHz Jeweller - Indicador LED y antena interna - Entrada cableada / Tamper antisabotaje - Alcance hasta 1200 m - Alimentación 1 pila CR123A 3.0 V (incluida);https://d1x12lhh8s9nlj.cloudfront.net/images/productos/products/AJ-DOORPROTECT-W/AJ-DOORPROTECT-W.png
AJ-DOORPROTECT-W-DUMMY;AJAX;2;Carcasa para contacto magnético - AJ-DOORPROTECT-W y AJ-DOORPROTECTPLUS-W - Instalación sencilla - Incluye SmartBracket - Plástico ABS - Color blanco;https://d1x12lhh8s9nlj.cloudfront.net/images/productos/products/AJ-DOORPROTECT-W-DUMMY/AJ-DOORPROTECT-W-DUMMY.png
AJ-DOORPROTECTPLUS-B;AJAX;71.4;Contacto magnético puerta/ventana - Grado 2 - Detector impacto e inclinación - Inalámbrico 868 MHz Jeweller - Entrada cableada / Tamper antisabotaje - Alcance hasta 1200 m - Alimentación 1 pila CR123A 3.0 V (incluida);https://d1x12lhh8s9nlj.cloudfront.net/images/productos/products/AJ-DOORPROTECTPLUS-B/AJ-DOORPROTECTPLUS-B.png
AJ-DOORPROTECTPLUS-W;AJAX;71.4;Contacto magnético puerta/ventana - Grado 2 - Detector impacto e inclinación - Inalámbrico 868 MHz Jeweller - Entrada cableada / Tamper antisabotaje - Alcance hasta 1200 m - Alimentación 1 pila CR123A 3.0 V (incluida);https://d1x12lhh8s9nlj.cloudfront.net/images/productos/products/AJ-DOORPROTECTPLUS-W/AJ-DOORPROTECTPLUS-W.png
AJ-DOUBLEBUTTON-B;AJAX;38.76;Doble botón de pánico - Grado 2 - Inalámbrico 868 MHz Jeweller - Alcance espacio abierto 1300 m - Pulsación segura: doble o larga - Protección IP55 - Alimentación 1 pila CR2032 3.0 V;https://d1x12lhh8s9nlj.cloudfront.net/images/productos/products/AJ-DOUBLEBUTTON-B/AJ-DOUBLEBUTTON-B.png
AJ-DOUBLEBUTTON-W;AJAX;38.76;Doble botón de pánico - Grado 2 - Inalámbrico 868 MHz Jeweller - Alcance espacio abierto 1300 m - Pulsación segura: doble o larga - Protección IP55 - Alimentación 1 pila CR2032 3.0 V;https://d1x12lhh8s9nlj.cloudfront.net/images/productos/products/AJ-DOUBLEBUTTON-W/AJ-DOUBLEBUTTON-W.png
AJ-DUALCURTAINOUTDOOR-W;AJAX;269.28;Detector PIR cortina dual exterior - Grado 2 - Inalámbrico 868 MHz Jeweller - Antimasking - Alcance detección doble 4~15 m / 6º H / 90º V - Sensibilidad ajustable - Uso exterior IP54;https://d1x12lhh8s9nlj.cloudfront.net/images/productos/products/AJ-DUALCURTAINOUTDOOR-W/AJ-DUALCURTAINOUTDOOR-W.png
AJ-DUALCURTAINOUTDOOR-W-DUMMY;AJAX;76;Carcasa para detector de doble cortina exterior - AJ-DUALCURTAINOUTDOOR-W - Instalación sencilla - Incluye SmartBracket - Plástico ABS - Color blanco;https://d1x12lhh8s9nlj.cloudfront.net/images/productos/products/AJ-DUALCURTAINOUTDOOR-W-DUMMY/AJ-DUALCURTAINOUTDOOR-W-DUMMY.png
AJ-EXTERNALANTENNA-B;AJAX;29.8;Antena externa para LTE o vía radio - 3 opciones de comunicación 4G LTE/Jeweller/Wings - Compatible con AJ-HUBBP - Mejora la intensidad de señal - Protección anti-sabotaje - Longitud del cable 3 m;https://d1x12lhh8s9nlj.cloudfront.net/images/productos/products/AJ-EXTERNALANTENNA-B/AJ-EXTERNALANTENNA-B.png
AJ-FIREPROTECT-B;AJAX;94.76;Detector de humo - Sensor de temperatura - Inalámbrico 868 MHz Jeweller - Sirena 85 dB incorporada - Permite funcionamiento autónomo - Certificado EN 14604:2005;https://d1x12lhh8s9nlj.cloudfront.net/images/productos/products/AJ-FIREPROTECT-B/AJ-FIREPROTECT-B.png
AJ-FIREPROTECT-B-DUMMY;AJAX;24;Carcasa para detector de humo - AJ-FIREPROTECT-B y AJ-FIREPROTECTPLUS-B - Instalación sencilla - Incluye SmartBracket - Plástico ABS - Color negro;https://d1x12lhh8s9nlj.cloudfront.net/images/productos/products/AJ-FIREPROTECT-B-DUMMY/AJ-FIREPROTECT-B-DUMMY.png
AJ-FIREPROTECT-W;AJAX;94.76;Detector de humo - Sensor de temperatura - Inalámbrico 868 MHz Jeweller - Sirena 85 dB incorporada - Permite funcionamiento autónomo - Certificado EN 14604:2005;https://d1x12lhh8s9nlj.cloudfront.net/images/productos/products/AJ-FIREPROTECT-W/AJ-FIREPROTECT-W.png
AJ-FIREPROTECT-W-DUMMY;AJAX;24;Carcasa para detector de humo - AJ-FIREPROTECT-W y AJ-FIREPROTECTPLUS-W - Instalación sencilla - Incluye SmartBracket - Plástico ABS - Color blanco;https://d1x12lhh8s9nlj.cloudfront.net/images/productos/products/AJ-FIREPROTECT-W-DUMMY/AJ-FIREPROTECT-W-DUMMY.png
AJ-FIREPROTECT2-C-RB-B;AJAX;125.62;Detector de CO - Baterías reemplazables - Inalámbrico 868 MHz Jeweller - Sirena 85 dB incorporada - Permite funcionamiento autónomo - Certificado EN 50291 -;https://d1x12lhh8s9nlj.cloudfront.net/images/productos/products/AJ-FIREPROTECT2-C-RB-B/AJ-FIREPROTECT2-C-RB-B.png
AJ-FIREPROTECT2-C-RB-W;AJAX;125.62;Detector de CO - Baterías reemplazables - Inalámbrico 868 MHz Jeweller - Sirena 85 dB incorporada - Permite funcionamiento autónomo - Certificado EN 50291 -;https://d1x12lhh8s9nlj.cloudfront.net/images/productos/products/AJ-FIREPROTECT2-C-RB-W/AJ-FIREPROTECT2-C-RB-W.png
AJ-FIREPROTECT2-C-SB-B;AJAX;152.98;Detector de CO - Baterías integradas - Inalámbrico 868 MHz Jeweller - Sirena 85 dB incorporada - Permite funcionamiento autónomo - Certificado EN 50291 -;https://d1x12lhh8s9nlj.cloudfront.net/images/productos/products/AJ-FIREPROTECT2-C-SB-B/AJ-FIREPROTECT2-C-SB-B.png
AJ-FIREPROTECT2-C-SB-W;AJAX;152.98;Detector de CO - Baterías integradas - Inalámbrico 868 MHz Jeweller - Sirena 85 dB incorporada - Permite funcionamiento autónomo - Certificado EN 50291 -;https://d1x12lhh8s9nlj.cloudfront.net/images/productos/products/AJ-FIREPROTECT2-C-SB-W/AJ-FIREPROTECT2-C-SB-W.png
AJ-FIREPROTECT2-H-RB-B;AJAX;84.34;Detector termovelocimétrico - Baterías reemplazables - Inalámbrico 868 MHz Jeweller - Sirena 85 dB incorporada - Permite funcionamiento autónomo -;https://d1x12lhh8s9nlj.cloudfront.net/images/productos/products/AJ-FIREPROTECT2-H-RB-B/AJ-FIREPROTECT2-H-RB-B.png
AJ-FIREPROTECT2-H-RB-W;AJAX;84.34;Detector termovelocimétrico - Baterías reemplazables - Inalámbrico 868 MHz Jeweller - Sirena 85 dB incorporada - Permite funcionamiento autónomo -;https://d1x12lhh8s9nlj.cloudfront.net/images/productos/products/AJ-FIREPROTECT2-H-RB-W/AJ-FIREPROTECT2-H-RB-W.png
AJ-FIREPROTECT2-H-SB-B;AJAX;107.64;Detector termovelocimétrico - Baterías integradas - Inalámbrico 868 MHz Jeweller - Sirena 85 dB incorporada - Permite funcionamiento autónomo;https://d1x12lhh8s9nlj.cloudfront.net/images/productos/products/AJ-FIREPROTECT2-H-SB-B/AJ-FIREPROTECT2-H-SB-B.png
AJ-FIREPROTECT2-H-SB-W;AJAX;107.64;Detector termovelocimétrico - Baterías integradas - Inalámbrico 868 MHz Jeweller - Sirena 85 dB incorporada - Permite funcionamiento autónomo - Certificado EN 14604;https://d1x12lhh8s9nlj.cloudfront.net/images/productos/products/AJ-FIREPROTECT2-H-SB-W/AJ-FIREPROTECT2-H-SB-W.png
AJ-FIREPROTECT2-HC-AC-W;AJAX;151.02;Detector termovelocimétrico y CO - Alimentación 110~240 V AC - Inalámbrico 868 MHz Jeweller - Sirena 85 dB incorporada - Permite funcionamiento autónomo - Certificados EN 14604, 50291;https://d1x12lhh8s9nlj.cloudfront.net/images/productos/products/AJ-FIREPROTECT2-HC-AC-W/AJ-FIREPROTECT2-HC-AC-W.png
AJ-FIREPROTECT2-HC-RB-B;AJAX;126.74;Detector termovelocimétrico y CO - Baterías reemplazables - Inalámbrico 868 MHz Jeweller - Sirena 85 dB incorporada - Permite funcionamiento autónomo - Certificado EN 50291 -;https://d1x12lhh8s9nlj.cloudfront.net/images/productos/products/AJ-FIREPROTECT2-HC-RB-B/AJ-FIREPROTECT2-HC-RB-B.png
AJ-FIREPROTECT2-HC-RB-W;AJAX;126.74;Detector termovelocimétrico y CO - Baterías reemplazables - Inalámbrico 868 MHz Jeweller - Sirena 85 dB incorporada - Permite funcionamiento autónomo - Certificado EN 50291;https://d1x12lhh8s9nlj.cloudfront.net/images/productos/products/AJ-FIREPROTECT2-HC-RB-W/AJ-FIREPROTECT2-HC-RB-W.png
AJ-FIREPROTECT2-HC-SB-B;AJAX;154.38;Detector termovelocimétrico y CO - Baterías integradas - Inalámbrico 868 MHz Jeweller - Sirena 85 dB incorporada - Permite funcionamiento autóonomo - Certificado EN 50291 -;https://d1x12lhh8s9nlj.cloudfront.net/images/productos/products/AJ-FIREPROTECT2-HC-SB-B/AJ-FIREPROTECT2-HC-SB-B.png
AJ-FIREPROTECT2-HC-SB-W;AJAX;154.38;Detector termovelocimétrico y CO - Baterías integradas - Inalámbrico 868 MHz Jeweller - Sirena 85 dB incorporada - Permite funcionamiento autónomo - Certificado EN 50291 -;https://d1x12lhh8s9nlj.cloudfront.net/images/productos/products/AJ-FIREPROTECT2-HC-SB-W/AJ-FIREPROTECT2-HC-SB-W.png
AJ-FIREPROTECT2-HS-RB-B;AJAX;99.94;Detector de humo y termovelocimétrico - Baterías reemplazables - Inalámbrico 868 MHz Jeweller - Sirena 85 dB incorporada - Permite funcionamiento autónomo - Certificado EN 14604 -;https://d1x12lhh8s9nlj.cloudfront.net/images/productos/products/AJ-FIREPROTECT2-HS-RB-B/AJ-FIREPROTECT2-HS-RB-B.png
AJ-FIREPROTECT2-HS-RB-W;AJAX;99.94;Detector de humo y termovelocimétrico - Baterías reemplazables - Inalámbrico 868 MHz Jeweller - Sirena 85 dB incorporada - Permite funcionamiento autónomo - Certificado EN 14604;https://d1x12lhh8s9nlj.cloudfront.net/images/productos/products/AJ-FIREPROTECT2-HS-RB-W/AJ-FIREPROTECT2-HS-RB-W.png
AJ-FIREPROTECT2-HS-SB-B;AJAX;122.06;Detector de humo y termovelocimétrico - Baterías integradas - Inalámbrico 868 MHz Jeweller - Sirena 85 dB incorporada - Permite funcionamiento autónomo - Certificado EN 14604 -;https://d1x12lhh8s9nlj.cloudfront.net/images/productos/products/AJ-FIREPROTECT2-HS-SB-B/AJ-FIREPROTECT2-HS-SB-B.png
AJ-FIREPROTECT2-HS-SB-W;AJAX;122.06;Detector de humo y termovelocimétrico - Baterías integradas - Inalámbrico 868 MHz Jeweller - Sirena 85 dB incorporada - Permite funcionamiento autónomo - Certificado EN 14604 -;https://d1x12lhh8s9nlj.cloudfront.net/images/productos/products/AJ-FIREPROTECT2-HS-SB-W/AJ-FIREPROTECT2-HS-SB-W.png
AJ-FIREPROTECT2-HSC-RB-B;AJAX;140.72;Detector de humo, termovelocimétrico y CO - Baterías reemplazables - Inalámbrico 868 MHz Jeweller - Sirena 85 dB incorporada - Permite funcionamiento autónomo - Certificado EN 50291 y EN 14604;https://d1x12lhh8s9nlj.cloudfront.net/images/productos/products/AJ-FIREPROTECT2-HSC-RB-B/AJ-FIREPROTECT2-HSC-RB-B.png
AJ-FIREPROTECT2-HSC-RB-W;AJAX;140.72;Detector de humo, termovelocimétrico y CO - Baterías reemplazables - Inalámbrico 868 MHz Jeweller - Sirena 85 dB incorporada - Permite funcionamiento autónomo - Certificado EN 50291 y EN 14604;https://d1x12lhh8s9nlj.cloudfront.net/images/productos/products/AJ-FIREPROTECT2-HSC-RB-W/AJ-FIREPROTECT2-HSC-RB-W.png
AJ-FIREPROTECT2-HSC-SB-B;AJAX;175.06;Detector de humo, termovelocimétrico y CO - Baterías integradas - Inalámbrico 868 MHz Jeweller - Sirena 85 dB incorporada - Permite funcionamiento autónomo - Certificado EN 50291 y EN 14604 -;https://d1x12lhh8s9nlj.cloudfront.net/images/productos/products/AJ-FIREPROTECT2-HSC-SB-B/AJ-FIREPROTECT2-HSC-SB-B.png
AJ-FIREPROTECT2-HSC-SB-W;AJAX;175.06;Detector de humo, termovelocimétricos y CO - Baterías integradas - Inalámbrico 868 MHz Jeweller - Sirena 85 dB incorporada - Permite funcionamiento autónomo - Certificado EN 50291 y EN 14604 -;https://d1x12lhh8s9nlj.cloudfront.net/images/productos/products/AJ-FIREPROTECT2-HSC-SB-W/AJ-FIREPROTECT2-HSC-SB-W.png
AJ-FIREPROTECTPLUS-B;AJAX;142.14;Detector de humo y CO - Sensor de temperatura - Inalámbrico 868 MHz Jeweller - Sirena 85 dB incorporada - Permite funcionamiento autónomo - Certificado EN 14604:2005;https://d1x12lhh8s9nlj.cloudfront.net/images/productos/products/AJ-FIREPROTECTPLUS-B/AJ-FIREPROTECTPLUS-B.png
AJ-FIREPROTECTPLUS-W;AJAX;142.14;Detector de humo y CO - Sensor de temperatura - Inalámbrico 868 MHz Jeweller - Sirena 85 dB incorporada - Permite funcionamiento autónomo - Certificado EN 14604:2005;https://d1x12lhh8s9nlj.cloudfront.net/images/productos/products/AJ-FIREPROTECTPLUS-W/AJ-FIREPROTECTPLUS-W.png
AJ-FRAME-2;AJAX;7.5;Marco para dos dispositivos - Compatible con AJ-SIDEBUTTON o AJ-SIDECOVER - Ajax - LightSwitch Frame (2 seats);https://d1x12lhh8s9nlj.cloudfront.net/images/productos/products/AJ-FRAME-2/AJ-FRAME-2.png
AJ-FRAME-2-VERT;AJAX;7.5;Marco vertical para dos dispositivos - Compatible con AJ-SIDEBUTTON-...-VERT - AJ-SIDECOVER-...-VERT - Ajax - LightSwitch Vertical Frame (2 seats);https://d1x12lhh8s9nlj.cloudfront.net/images/productos/products/AJ-FRAME-2-VERT/AJ-FRAME-2-VERT.png
AJ-FRAME-3;AJAX;8.74;Marco para tres dispositivos - Compatible con: - 2 x AJ-SIDEBUTTON o AJ-SIDECOVER - 1 x AJ-CENTERBUTTON o AJ-CENTERCOVER - Ajax - LightSwitch Frame (3 seats);https://d1x12lhh8s9nlj.cloudfront.net/images/productos/products/AJ-FRAME-3/AJ-FRAME-3.png
AJ-FRAME-3-VERT;AJAX;8.74;Marco vertical para tres dispositivos - Compatible con 2 x AJ-SIDEBUTTON-...-VERT - Compatible con 1 x AJ-CENTERBUTTON...-VERT - Ajax - LightSwitch Vertical Frame (3 seats);https://d1x12lhh8s9nlj.cloudfront.net/images/productos/products/AJ-FRAME-3-VERT/AJ-FRAME-3-VERT.png
AJ-FRAME-4;AJAX;10.92;Marco para cuatro dispositivos - Compatible con 2 x AJ-SIDEBUTTON - Compatible con 2 x AJ-CENTERBUTTON - Ajax - LightSwitch Frame (4 seats);https://d1x12lhh8s9nlj.cloudfront.net/images/productos/products/AJ-FRAME-4/AJ-FRAME-4.png
AJ-FRAME-4-VERT;AJAX;10.92;Marco vertical para cuatro dispositivos - Compatible con 2 x AJ-SIDEBUTTON-...-VERT - Compatible con 2 x AJ-CENTERBUTTON-...-VERT - Ajax - LightSwitch Vertical Frame (4 seats);https://d1x12lhh8s9nlj.cloudfront.net/images/productos/products/AJ-FRAME-4-VERT/AJ-FRAME-4-VERT.png
AJ-FRAME-5;AJAX;11.56;Marco para cinco dispositivos - Compatible con 2 x AJ-SIDEBUTTON - Compatible con 3 x AJ-CENTERBUTTON - Ajax - LightSwitch Frame (5 seats);https://d1x12lhh8s9nlj.cloudfront.net/images/productos/products/AJ-FRAME-5/AJ-FRAME-5.png
AJ-FRAME-5-VERT;AJAX;11.56;Marco vertical para cinco dispositivos - Compatible con 2 x AJ-SIDEBUTTON-...-VERT - Compatible con 3 x AJ-CENTERBUTTON-...-VERT - Ajax - LightSwitch Vertical Frame (5 seats);https://d1x12lhh8s9nlj.cloudfront.net/images/productos/products/AJ-FRAME-5-VERT/AJ-FRAME-5-VERT.png
AJ-GLASSPROTECT-B;AJAX;77.52;Detector de rotura de cristal - Grado 2 - Inalámbrico 868 MHz Jeweller - Indicador LED - Sensibilidad ajustable - 1 entrada cableada / 1 tamper - Rango de detección 9 m;https://d1x12lhh8s9nlj.cloudfront.net/images/productos/products/AJ-GLASSPROTECT-B/AJ-GLASSPROTECT-B.png
AJ-GLASSPROTECT-B-DUMMY;AJAX;8;Carcasa para detector de rotura de cristal - AJ-GLASSPROTECT-B - Instalación sencilla - Incluye SmartBracket - Plástico ABS - Color negro;https://d1x12lhh8s9nlj.cloudfront.net/images/productos/products/AJ-GLASSPROTECT-B-DUMMY/AJ-GLASSPROTECT-B-DUMMY.png
AJ-GLASSPROTECT-W;AJAX;77.52;Detector rotura de cristal - Grado 2 - Inalámbrico 868 MHz Jeweller - Indicador LED - Sensibilidad ajustable - 1 entrada cableada / 1 tamper - Rango de detección 9 m;https://d1x12lhh8s9nlj.cloudfront.net/images/productos/products/AJ-GLASSPROTECT-W/AJ-GLASSPROTECT-W.png
AJ-GLASSPROTECT-W-DUMMY;AJAX;8;Carcasa para detector de rotura de cristal - AJ-GLASSPROTECT-W - Instalación sencilla - Incluye SmartBracket - Plástico ABS - Color blanco;https://d1x12lhh8s9nlj.cloudfront.net/images/productos/products/AJ-GLASSPROTECT-W-DUMMY/AJ-GLASSPROTECT-W-DUMMY.png
AJ-HOLDER-B;AJAX;7.14;Soporte para botón de emergencia - Compatible con AJ-BUTTON-B y AJ-DOUBLEBUTTON-B - Instalación sencilla - Color negro;https://d1x12lhh8s9nlj.cloudfront.net/images/productos/products/AJ-HOLDER-B/AJ-HOLDER-B.png
AJ-HOLDER-W;AJAX;7.14;Soporte para botón de emergencia - Compatible con AJ-BUTTON-W y AJ-DOUBLEBUTTON-W - Instalación sencilla - Color blanco;https://d1x12lhh8s9nlj.cloudfront.net/images/productos/products/AJ-HOLDER-W/AJ-HOLDER-W.png
AJ-HOMESIREN-B;AJAX;74.72;Sirena interior - Certificado grado 2 - Inalámbrico 868 MHz Jeweller - Certificado grado 2 - Presión sonora máxima 105 dB - Indicador LED / Sonido regulable - Alimentación 2 pilas CR123A 3.0 V;https://d1x12lhh8s9nlj.cloudfront.net/images/productos/products/AJ-HOMESIREN-B/AJ-HOMESIREN-B.png
AJ-HOMESIREN-W;AJAX;74.72;Sirena interior - Grado 2 - Inalámbrico 868 MHz Jeweller - Presión sonora máxima 105 dB - Indicador LED / Sonido regulable - Alimentación 2 pilas CR123A 3.0 V;https://d1x12lhh8s9nlj.cloudfront.net/images/productos/products/AJ-HOMESIREN-W/AJ-HOMESIREN-W.png
AJ-HOMESIREN-W-DUMMY;AJAX;18;Carcasa para sirena interior - AJ-HOMESIREN-W - Instalación sencilla - Incluye SmartBracket - Plástico ABS - Color blanco;https://d1x12lhh8s9nlj.cloudfront.net/images/productos/products/AJ-HOMESIREN-W-DUMMY/AJ-HOMESIREN-W-DUMMY.png
AJ-HOOD;AJAX;14.28;Visera para detector de exterior - Compatible con AJ-OUTDOORPROTECT-W - Apto para uso exterior - Color blanco;https://d1x12lhh8s9nlj.cloudfront.net/images/productos/products/AJ-HOOD/AJ-HOOD.png
AJ-HOOD-MOTIONCAMOUTDOOR;AJAX;14;Visera para detector de exterior - Compatible con AJ-MOTIONCAMOUTDOOR-W - Compatible con AJ-MOTIONCAMOUTDOOR-PHOD-W - Apto para uso exterior - Color blanco;https://d1x12lhh8s9nlj.cloudfront.net/images/productos/products/AJ-HOOD-MOTIONCAMOUTDOOR/AJ-HOOD-MOTIONCAMOUTDOOR.png
AJ-HUB-B;AJAX;201.96;Central de alarma profesional - Grado 2 - Comunicación Ethernet y GPRS - Inalámbrico 868 MHz Jeweller - Hasta 100 dispositivos inalámbricos - Hasta 9 grupos de armado - App Móvil y Software PC (hasta 50 usuarios);https://d1x12lhh8s9nlj.cloudfront.net/images/productos/products/AJ-HUB-B/AJ-HUB-B.png
AJ-HUB-B-DUMMY;AJAX;30;Carcasa para panel - AJ-HUB-B, AJ-HUBPLUS-B, AJ-HUB2-B, AJ-HUB2-4G-B - AJ-HUB2PLUS-B, AJ-REX-B y AJ-REX2-B - Instalación sencilla - Plástico ABS - Color negro;https://d1x12lhh8s9nlj.cloudfront.net/images/productos/products/AJ-HUB-B-DUMMY/AJ-HUB-B-DUMMY.png
AJ-HUB-W;AJAX;201.96;Central de alarma profesional - Grado 2 - Comunicación Ethernet y GPRS - Inalámbrico 868 MHz Jeweller - Hasta 100 dispositivos inalámbricos - Hasta 9 grupos de armado - App Móvil y Software PC (hasta 50 usuarios);https://d1x12lhh8s9nlj.cloudfront.net/images/productos/products/AJ-HUB-W/AJ-HUB-W.png
AJ-HUB-W-DUMMY;AJAX;30;Carcasa para panel - AJ-HUB-W, AJ-HUBPLUS-W, AJ-HUB2-W, AJ-HUB2-4G-W - HUB2PLUS-W, AJ-REX-W y AJ-REX2-W - Instalación sencilla - Plástico ABS - Color blanco;https://d1x12lhh8s9nlj.cloudfront.net/images/productos/products/AJ-HUB-W-DUMMY/AJ-HUB-W-DUMMY.png
AJ-HUB2-4G-B;AJAX;373.62;Central de alarma profesional - Grado 2 - Comunicación Ethernet y dual SIM 4G - Inalámbrico 868 MHz Jeweller y Wings - Hasta 100 dispositivos inalámbricos - Hasta 9 grupos de armado - App Móvil y Software PC (hasta 50 usuarios);https://d1x12lhh8s9nlj.cloudfront.net/images/productos/products/AJ-HUB2-4G-B/AJ-HUB2-4G-B.png
AJ-HUB2-4G-DC6V-W;AJAX;370;Central de alarma profesional - Grado 2 - Comunicación Ethernet y dual SIM 4G - Inalámbrico 868 MHz Jeweller y Wings - Hasta 100 dispositivos inalámbricos - Hasta 9 grupos de armado - Funcionamiento autónomo 6 V DC - App Móvil y Software PC (hasta 50 usuarios);https://d1x12lhh8s9nlj.cloudfront.net/images/productos/products/AJ-HUB2-4G-DC6V-W/AJ-HUB2-4G-DC6V-W.png
AJ-HUB2-4G-W;AJAX;373.62;Central de alarma profesional - Grado 2 - Comunicación Ethernet y dual SIM 4G - Inalámbrico 868 MHz Jeweller y Wings - Hasta 100 dispositivos inalámbricos - Hasta 9 grupos de armado - App Móvil y Software PC (hasta 50 usuarios);https://d1x12lhh8s9nlj.cloudfront.net/images/productos/products/AJ-HUB2-4G-W/AJ-HUB2-4G-W.png
AJ-HUB2-B;AJAX;281.52;Central de alarma profesional - Grado 2 - Comunicación Ethernet y dual SIM GPRS - Inalámbrico 868 MHz Jeweller y Wings - Hasta 100 dispositivos inalámbricos - Hasta 9 grupos de armado - App Móvil y Software PC (hasta 50 usuarios);https://d1x12lhh8s9nlj.cloudfront.net/images/productos/products/AJ-HUB2-B/AJ-HUB2-B.png
AJ-HUB2-DC6V-W;AJAX;281.52;Central de alarma profesional - Grado 2 - Comunicación Ethernet y dual SIM GPRS - Inalámbrico 868 MHz Jeweller y Wings - Hasta 100 dispositivos inalámbricos - Hasta 9 grupos de armado - Funcionamiento autónomo 6 V DC - App Móvil y Software PC (hasta 50 usuarios);https://d1x12lhh8s9nlj.cloudfront.net/images/productos/products/AJ-HUB2-DC6V-W/AJ-HUB2-DC6V-W.png
AJ-HUB2-W;AJAX;281.52;Central de alarma profesional - Grado 2 - Comunicación Ethernet y dual SIM GPRS - Inalámbrico 868 MHz Jeweller y Wings - Hasta 100 dispositivos inalámbricos - Hasta 9 grupos de armado - App Móvil y Software PC (hasta 50 usuarios);https://d1x12lhh8s9nlj.cloudfront.net/images/productos/products/AJ-HUB2-W/AJ-HUB2-W.png
AJ-HUB2KIT-DP-PHOD-B;AJAX;958;Kit de alarma profesional - Certificado Grado 2 - Comunicación Ethernet / dual SIM - Inalámbrico 868 MHz Jeweller y Wings - Ajax HUB 2, 2 PIRCAM PhOD, 1 teclado - 1 contacto magnético,1 mando y 1 sirena interior;https://d1x12lhh8s9nlj.cloudfront.net/images/productos/products/AJ-HUB2KIT-DP-PHOD-B/AJ-HUB2KIT-DP-PHOD-B.png
AJ-HUB2KIT-DP-PHOD-W;AJAX;958;Kit de alarma profesional - Certificado Grado 2 - Comunicación Ethernet / dual SIM - Inalámbrico 868 MHz Jeweller y Wings - Ajax HUB 2, 2 PIRCAM PhOD, 1 teclado - 1 contacto magnético,1 mando y 1 sirena interior;https://d1x12lhh8s9nlj.cloudfront.net/images/productos/products/AJ-HUB2KIT-DP-PHOD-W/AJ-HUB2KIT-DP-PHOD-W.png
AJ-HUB2KIT-DP-PRO-B;AJAX;918;Kit de alarma profesional - Certificado Grado 2 - Comunicación Ethernet y dual SIM GPRS - Inalámbrico 868 MHz Jeweller y Wings - Ajax HUB 2, 2 PIRCAM, 1 contacto magnético - 1 mando, 1 teclado y 1 sirena interior;https://d1x12lhh8s9nlj.cloudfront.net/images/productos/products/AJ-HUB2KIT-DP-PRO-B/AJ-HUB2KIT-DP-PRO-B.png
AJ-HUB2KIT-DP-PRO-W;AJAX;918;Kit de alarma profesional - Certificado Grado 2 - Comunicación Ethernet y dual SIM GPRS - Inalámbrico 868 MHz Jeweller y Wings - Ajax HUB 2, 2 PIRCAM, 1 contacto magnético - 1 mando, 1 teclado y 1 sirena interior;https://d1x12lhh8s9nlj.cloudfront.net/images/productos/products/AJ-HUB2KIT-DP-PRO-W/AJ-HUB2KIT-DP-PRO-W.png
AJ-HUB2KIT-MP-PHOD-B;AJAX;964;Kit de alarma profesional - Certificado Grado 2 - Comunicación Ethernet / dual SIM - Inalámbrico 868 MHz Jeweller y Wings - Ajax HUB 2, 2 PIRCAM PhOD, 1 detector PIR - 1 mando, 1 teclado y 1 sirena interior;https://d1x12lhh8s9nlj.cloudfront.net/images/productos/products/AJ-HUB2KIT-MP-PHOD-B/AJ-HUB2KIT-MP-PHOD-B.png
AJ-HUB2KIT-MP-PHOD-W;AJAX;964;Kit de alarma profesional - Certificado Grado 2 - Comunicación Ethernet / dual SIM - Inalámbrico 868 MHz Jeweller y Wings - Ajax HUB 2, 2 PIRCAM PhOD, 1 detector PIR - 1 mando, 1 teclado y 1 sirena interior;https://d1x12lhh8s9nlj.cloudfront.net/images/productos/products/AJ-HUB2KIT-MP-PHOD-W/AJ-HUB2KIT-MP-PHOD-W.png
AJ-HUB2KIT-MP-PRO-B;AJAX;924;Kit de alarma profesional - Certificado Grado 2 - Comunicación Ethernet y dual SIM GPRS - Inalámbrico 868 MHz Jeweller y Wings - Ajax HUB 2, 2 PIRCAM, 1 detector PIR - 1 mando, 1 teclado y 1 sirena interior;https://d1x12lhh8s9nlj.cloudfront.net/images/productos/products/AJ-HUB2KIT-MP-PRO-B/AJ-HUB2KIT-MP-PRO-B.png
AJ-HUB2KIT-MP-PRO-W;AJAX;924;Kit de alarma profesional - Certificado Grado 2 - Comunicación Ethernet y dual SIM GPRS - Inalámbrico 868 MHz Jeweller y Wings - Ajax HUB 2, 2 PIRCAM, 1 detector PIR - 1 mando, 1 teclado y 1 sirena interior;https://d1x12lhh8s9nlj.cloudfront.net/images/productos/products/AJ-HUB2KIT-MP-PRO-W/AJ-HUB2KIT-MP-PRO-W.png
AJ-HUB2KIT4G-DP-PHOD-B;AJAX;1052;Kit de alarma profesional - Certificado Grado 2 - Comunicación Ethernet / dual SIM 4G - Inalámbrico 868 MHz Jeweller y Wings - Ajax HUB 2 4G, 2 PIRCAM PhOD, 1 teclado - 1 contacto magnético,1 mando y 1 sirena interior;https://d1x12lhh8s9nlj.cloudfront.net/images/productos/products/AJ-HUB2KIT4G-DP-PHOD-B/AJ-HUB2KIT4G-DP-PHOD-B.png
AJ-HUB2KIT4G-DP-PHOD-W;AJAX;1052;Kit de alarma profesional - Certificado Grado 2 - Comunicación Ethernet / dual SIM 4G - Inalámbrico 868 MHz Jeweller y Wings - Ajax HUB 2 4G, 2 PIRCAM PhOD, 1 teclado - 1 contacto magnético,1 mando y 1 sirena interior;https://d1x12lhh8s9nlj.cloudfront.net/images/productos/products/AJ-HUB2KIT4G-DP-PHOD-W/AJ-HUB2KIT4G-DP-PHOD-W.png
AJ-HUB2KIT4G-DP-PRO-B;AJAX;1012;Kit de alarma profesional - Certificado Grado 2 - Comunicación Ethernet / dual SIM 4G - Inalámbrico 868 MHz Jeweller y Wings - Ajax HUB 2 4G, 2 PIRCAM, 1 contacto magnético - 1 mando, 1 teclado y 1 sirena interior;https://d1x12lhh8s9nlj.cloudfront.net/images/productos/products/AJ-HUB2KIT4G-DP-PRO-B/AJ-HUB2KIT4G-DP-PRO-B.png
AJ-HUB2KIT4G-DP-PRO-W;AJAX;1012;Kit de alarma profesional - Certificado Grado 2 - Comunicación Ethernet / dual SIM 4G - Inalámbrico 868 MHz Jeweller y Wings - Ajax HUB 2 4G, 2 PIRCAM, 1 contacto magnético - 1 mando, 1 teclado y 1 sirena interior;https://d1x12lhh8s9nlj.cloudfront.net/images/productos/products/AJ-HUB2KIT4G-DP-PRO-W/AJ-HUB2KIT4G-DP-PRO-W.png
AJ-HUB2KIT4G-MP-PHOD-B;AJAX;1058;Kit de alarma profesional - Certificado Grado 2 - Comunicación Ethernet / dual SIM 4G - Inalámbrico 868 MHz Jeweller y Wings - Ajax HUB 2 4G, 2 PIRCAM PhOD, 1 detector PIR - 1 mando, 1 teclado y 1 sirena interior;https://d1x12lhh8s9nlj.cloudfront.net/images/productos/products/AJ-HUB2KIT4G-MP-PHOD-B/AJ-HUB2KIT4G-MP-PHOD-B.png
AJ-HUB2KIT4G-MP-PHOD-W;AJAX;1058;Kit de alarma profesional - Certificado Grado 2 - Comunicación Ethernet / dual SIM 4G - Inalámbrico 868 MHz Jeweller y Wings - Ajax HUB 2 4G, 2 PIRCAM PhOD, 1 detector PIR - 1 mando, 1 teclado y 1 sirena interior;https://d1x12lhh8s9nlj.cloudfront.net/images/productos/products/AJ-HUB2KIT4G-MP-PHOD-W/AJ-HUB2KIT4G-MP-PHOD-W.png
AJ-HUB2KIT4G-MP-PRO-B;AJAX;1018;Kit de alarma profesional - Certificado Grado 2 - Comunicación Ethernet /dual SIM 4G - Inalámbrico 868 MHz Jeweller y Wings - Ajax HUB 2 4G, 2 PIRCAM, 1 detector PIR - 1 mando, 1 teclado y 1 sirena interior;https://d1x12lhh8s9nlj.cloudfront.net/images/productos/products/AJ-HUB2KIT4G-MP-PRO-B/AJ-HUB2KIT4G-MP-PRO-B.png
AJ-HUB2KIT4G-MP-PRO-W;AJAX;1018;Kit de alarma profesional - Certificado Grado 2 - Comunicación Ethernet / dual SIM 4G - Inalámbrico 868 MHz Jeweller y Wings - Ajax HUB 2 4G, 2 PIRCAM, 1 detector PIR - 1 mando, 1 teclado y 1 sirena interior;https://d1x12lhh8s9nlj.cloudfront.net/images/productos/products/AJ-HUB2KIT4G-MP-PRO-W/AJ-HUB2KIT4G-MP-PRO-W.png
AJ-HUB2PLUS-B;AJAX;464.5;Central de alarma profesional - Grado 2 - Comunicación Ethernet, Wi-Fi y 4G Dual SIM - Inalámbrico 868 MHz Jeweller y Wings - Hasta 200 dispositivos inalámbricos - Hasta 25 grupos de armado - App Móvil y Software PC (hasta 200 usuarios);https://d1x12lhh8s9nlj.cloudfront.net/images/productos/products/AJ-HUB2PLUS-B/AJ-HUB2PLUS-B.png
AJ-HUB2PLUS-W;AJAX;464.5;Central de alarma profesional - Grado 2 - Comunicación Ethernet, Wi-Fi y 4G Dual SIM - Inalámbrico 868 MHz Jeweller y Wings - Hasta 200 dispositivos inalámbricos - Hasta 25 grupos de armado - App Móvil y Software PC (hasta 200 usuarios);https://d1x12lhh8s9nlj.cloudfront.net/images/productos/products/AJ-HUB2PLUS-W/AJ-HUB2PLUS-W.png
AJ-HUBBATT-2W;AJAX;32;Batería de respaldo - Hub, Hub Plus, Hub 2 (2G), ReX y ReX 2 - Conector del cable de 2 pines - Instalación sencilla;https://d1x12lhh8s9nlj.cloudfront.net/images/productos/products/AJ-HUBBATT-2W/AJ-HUBBATT-2W.png
AJ-HUBBATT-3W;AJAX;36;Batería de respaldo - Hub, Hub Plus, Hub 2 (2G), ReX y ReX 2 - Conector del cable de 3 pines - Instalación sencilla;https://d1x12lhh8s9nlj.cloudfront.net/images/productos/products/AJ-HUBBATT-3W/AJ-HUBBATT-3W.png
AJ-HUBBATT-4G;AJAX;34;Batería de respaldo - Hub 2 (4G) y Hub 2 Plus - Conector del cable de 3 pines - Instalación sencilla;https://d1x12lhh8s9nlj.cloudfront.net/images/productos/products/AJ-HUBBATT-4G/AJ-HUBBATT-4G.png
AJ-HUBBP-V2-B;AJAX;361.26;Central de alarma profesional - Grado 2 - Dual SIM 4G / Casas vacías o lugares remotos - Inalámbrico 868 MHz Jeweller y Wings - Alimentación principal batería zinc-aire - Respaldo baterías plomo-ácido o litio - Modo ahorro batería de larga duración;https://d1x12lhh8s9nlj.cloudfront.net/images/productos/products/AJ-HUBBP-V2-B/AJ-HUBBP-V2-B.png
AJ-HUBBP-V2-NOCASE;AJAX;347.86;Central de alarma profesional - Grado 2 - Dual SIM 4G / Casas vacías o lugares remotos - Inalámbrico 868 MHz Jeweller y Wings - Alimentación principal batería zinc-aire - Respaldo baterías plomo-ácido o litio - Modo ahorro batería de larga duración;https://d1x12lhh8s9nlj.cloudfront.net/images/productos/products/AJ-HUBBP-V2-NOCASE/AJ-HUBBP-V2-NOCASE.png
AJ-HUBBP-V2-W;AJAX;361.26;Central de alarma profesional - Grado 2 - Dual SIM 4G / Casas vacías o lugares remotos - Inalámbrico 868 MHz Jeweller y Wings - Alimentación principal batería zinc-aire - Respaldo baterías plomo-ácido o litio - Modo ahorro batería de larga duración;https://d1x12lhh8s9nlj.cloudfront.net/images/productos/products/AJ-HUBBP-V2-W/AJ-HUBBP-V2-W.png
AJ-HUBKIT-B;AJAX;358.66;Kit de alarma profesional - Certificado Grado 2 - Comunicación Ethernet y GPRS - Inalámbrico 868 MHz Jeweller - Hasta 100 entradas inalámbricas - App Móvil y Software PC;https://d1x12lhh8s9nlj.cloudfront.net/images/productos/products/AJ-HUBKIT-B/AJ-HUBKIT-B.png
AJ-HUBKIT-RENOVE1-B;AJAX;550;Kit de alarma profesional - Certificado Grado 2 - Comunicación Ethernet y GPRS - Inalámbrico 868 MHz Jeweller - Hasta 100 dispositivos inalámbricos - App Móvil y Software PC;https://d1x12lhh8s9nlj.cloudfront.net/images/productos/products/AJ-HUBKIT-RENOVE1-B/AJ-HUBKIT-RENOVE1-B.png
AJ-HUBKIT-RENOVE1-W;AJAX;550;Kit de alarma profesional - Certificado Grado 2 - Comunicación Ethernet y GPRS - Inalámbrico 868 MHz Jeweller - Hasta 100 dispositivos inalámbricos - App Móvil y Software PC;https://d1x12lhh8s9nlj.cloudfront.net/images/productos/products/AJ-HUBKIT-RENOVE1-W/AJ-HUBKIT-RENOVE1-W.png
AJ-HUBKIT-RENOVE2-B;AJAX;520;Kit de alarma profesional - Certificado Grado 2 - Comunicación Ethernet y GPRS - Inalámbrico 868 MHz Jeweller - Hasta 100 dispositivos inalámbricos - App Móvil y Software PC;https://d1x12lhh8s9nlj.cloudfront.net/images/productos/products/AJ-HUBKIT-RENOVE2-B/AJ-HUBKIT-RENOVE2-B.png
AJ-HUBKIT-RENOVE2-W;AJAX;520;Kit de alarma profesional - Certificado Grado 2 - Comunicación Ethernet y GPRS - Inalámbrico 868 MHz Jeweller - Hasta 100 dispositivos inalámbricos - App Móvil y Software PC;https://d1x12lhh8s9nlj.cloudfront.net/images/productos/products/AJ-HUBKIT-RENOVE2-W/AJ-HUBKIT-RENOVE2-W.png
AJ-HUBKIT-W;AJAX;358.66;Kit de alarma profesional - Certificado Grado 2 - Comunicación Ethernet y GPRS - Inalámbrico 868 MHz Jeweller - Hasta 100 entradas inalámbricas - App Móvil y Software PC;https://d1x12lhh8s9nlj.cloudfront.net/images/productos/products/AJ-HUBKIT-W/AJ-HUBKIT-W.png
AJ-INDOORCAM-4-B;AJAX;306.6;Cámara Cube IP 4 Mp - Detección de objetos por IA - IR 8 m / Detección PIR hasta 4 m - Audio bidireccional con cancelación de ruido - Wi-Fi 2.4 GHz con respaldo Jeweller/Wings - Color negro;https://d1x12lhh8s9nlj.cloudfront.net/images/productos/products/AJ-INDOORCAM-4-B/AJ-INDOORCAM-4-B.png
AJ-INDOORCAM-4-W;AJAX;306.6;Cámara Cube IP 4 Mp - Detección de objetos por IA - IR 8 m / Detección PIR hasta 4 m - Audio bidireccional con cancelación de ruido - Wi-Fi 2.4 GHz con respaldo Jeweller/Wings - Color blanco;https://d1x12lhh8s9nlj.cloudfront.net/images/productos/products/AJ-INDOORCAM-4-W/AJ-INDOORCAM-4-W.png
AJ-INTERNALBATTERY-NB-72V95AH;AJAX;185.98;Batería interna no recargable - Conector para conectar a Hub BP incorporado - Hasta 25 meses en modo ahorro de batería - Hasta 6 meses a pleno rendimiento - Tensión 7.2 V / Capacidad 95 Ah - Instalación rápida y sencilla;https://d1x12lhh8s9nlj.cloudfront.net/images/productos/products/AJ-INTERNALBATTERY-NB-72V95AH/AJ-INTERNALBATTERY-NB-72V95AH.png
AJ-INTERNALBATTERY-RB-64V36AH;AJAX;119.14;Batería interna recargable - Conector para conectar a Hub BP incorporado - Hasta 8 meses en modo ahorro de batería - Requiere carga completa previa al primer uso - Tensión 6.4 V / Capacidad 36 Ah - Instalación rápida y sencilla;https://d1x12lhh8s9nlj.cloudfront.net/images/productos/products/AJ-INTERNALBATTERY-RB-64V36AH/AJ-INTERNALBATTERY-RB-64V36AH.png
AJ-JUNCTIONBOX-B;AJAX;41.7;Caja de conexiones - Para cámaras Bullet, Domo y Turret Ajax - Apto para uso exterior - Instalación en techo o pared - Incluye prensacable - Color negro | 118 Ø × 59 (Fo) mm;https://d1x12lhh8s9nlj.cloudfront.net/images/productos/products/AJ-JUNCTIONBOX-B/AJ-JUNCTIONBOX-B.png
AJ-JUNCTIONBOX-W;AJAX;41.7;Caja de conexiones - Para cámaras Bullet, Domo y Turret Ajax - Apto para uso exterior - Instalación en techo o pared - Incluye prensacable - Color blanco | 118 Ø × 59 (Fo) mm;https://d1x12lhh8s9nlj.cloudfront.net/images/productos/products/AJ-JUNCTIONBOX-W/AJ-JUNCTIONBOX-W.png
AJ-KEYPAD-B;AJAX;126.48;Teclado independiente - Grado 2 - Inalámbrico 868 MHz Jeweller - Armado, armado parcial, desarmado y emergencia - Códigos personales, general y de invitado - Bidireccional - Alimentación 4 pilas AAA 1.5 V;https://d1x12lhh8s9nlj.cloudfront.net/images/productos/products/AJ-KEYPAD-B/AJ-KEYPAD-B.png
AJ-KEYPAD-B-DUMMY;AJAX;28;Carcasa para teclado - AJ-KEYPAD-B - Instalación sencilla - Incluye SmartBracket - Plástico ABS - Color negro;https://d1x12lhh8s9nlj.cloudfront.net/images/productos/products/AJ-KEYPAD-B-DUMMY/AJ-KEYPAD-B-DUMMY.png
AJ-KEYPAD-W;AJAX;126.48;Teclado independiente - Grado 2 - Inalámbrico 868 MHz Jeweller - Armado, armado parcial, desarmado y emergencia - Códigos personales, general y de invitado - Bidireccional - Alimentación 4 pilas AAA 1.5 V;https://d1x12lhh8s9nlj.cloudfront.net/images/productos/products/AJ-KEYPAD-W/AJ-KEYPAD-W.png
AJ-KEYPAD-W-DUMMY;AJAX;28;Carcasa para teclado - AJ-KEYPAD-W - Instalación sencilla - Incluye SmartBracket - Plástico ABS - Color blanco;https://d1x12lhh8s9nlj.cloudfront.net/images/productos/products/AJ-KEYPAD-W-DUMMY/AJ-KEYPAD-W-DUMMY.png
AJ-KEYPADCOMBI-W-DUMMY;AJAX;32;Carcasa para teclado con sirena y lector RFID - AJ-KEYPADCOMBI-W - Instalación sencilla - Plástico ABS - Color blanco;https://d1x12lhh8s9nlj.cloudfront.net/images/productos/products/AJ-KEYPADCOMBI-W-DUMMY/AJ-KEYPADCOMBI-W-DUMMY.png
AJ-KEYPADOUTDOOR-B;AJAX;235.7;Teclado para exterior IP66/IK08 con lector RFID - Armado/desarmado total o por grupos - Autenticación: códigos, lector RFID o Bluetooth - Indicación sonora y LED - Control de los escenarios de automatización - Certificado grado 2;https://d1x12lhh8s9nlj.cloudfront.net/images/productos/products/AJ-KEYPADOUTDOOR-B/AJ-KEYPADOUTDOOR-B.png
AJ-KEYPADOUTDOOR-GRA;AJAX;235.7;Teclado para exterior IP66/IK08 con lector RFID - Armado/desarmado total o por grupos - Autenticación: códigos, lector RFID o Bluetooth - Indicación sonora y LED - Control de los escenarios de automatización - Certificado grado 2;https://d1x12lhh8s9nlj.cloudfront.net/images/productos/products/AJ-KEYPADOUTDOOR-GRA/AJ-KEYPADOUTDOOR-GRA.png
AJ-KEYPADOUTDOOR-W;AJAX;235.7;Teclado para exterior IP66/IK08 con lector RFID - Armado/desarmado total o por grupos - Autenticación: códigos, lector RFID o Bluetooth - Indicación sonora y LED - Control de los escenarios de automatización - Certificado grado 2;https://d1x12lhh8s9nlj.cloudfront.net/images/productos/products/AJ-KEYPADOUTDOOR-W/AJ-KEYPADOUTDOOR-W.png
AJ-KEYPADPLUS-B;AJAX;141.38;Teclado independiente con lector RFID - Grado 2 - Inalámbrico 868 MHz Jeweller - Armado, armado parcial, desarmado y emergencia - Códigos personales, generales y de invitado - Botón de pánico integrado - Hasta 3.5 años de vida útil;https://d1x12lhh8s9nlj.cloudfront.net/images/productos/products/AJ-KEYPADPLUS-B/AJ-KEYPADPLUS-B.png
AJ-KEYPADPLUS-W;AJAX;141.38;Teclado independiente con lector RFID - Grado 2 - Inalámbrico 868 MHz Jeweller - Armado, armado parcial, desarmado y emergencia - Códigos personales, generales y de invitado - Botón de pánico integrado - Hasta 3.5 años de vida útil;https://d1x12lhh8s9nlj.cloudfront.net/images/productos/products/AJ-KEYPADPLUS-W/AJ-KEYPADPLUS-W.png
AJ-KEYPADPLUS-W-DUMMY;AJAX;42.38;Carcasa para teclado - AJ-KEYPADPLUS-W - Instalación sencilla - Incluye SmartBracket - Plástico ABS - Color blanco;https://d1x12lhh8s9nlj.cloudfront.net/images/productos/products/AJ-KEYPADPLUS-W-DUMMY/AJ-KEYPADPLUS-W-DUMMY.png
AJ-KEYPADTOUCHSCREEN-B;AJAX;364.14;Teclado con pantalla táctil y RFID - Grado 2 - Inalámbrico 868 MHz Jeweller - Armado/desarmado total o por grupos - Control de los escenarios de automatización - Autenticación: códigos, lector RFID o Bluetooth - Notificaciones visuales y sonoras;https://d1x12lhh8s9nlj.cloudfront.net/images/productos/products/AJ-KEYPADTOUCHSCREEN-B/AJ-KEYPADTOUCHSCREEN-B.png
AJ-KEYPADTOUCHSCREEN-W;AJAX;364.14;Teclado con pantalla táctil y RFID - Grado 2 - Inalámbrico 868 MHz Jeweller - Armado/desarmado total o por grupos - Control de los escenarios de automatización - Autenticación: códigos, lector RFID o Bluetooth - Notificaciones visuales y sonoras;https://d1x12lhh8s9nlj.cloudfront.net/images/productos/products/AJ-KEYPADTOUCHSCREEN-W/AJ-KEYPADTOUCHSCREEN-W.png
AJ-LEAKSPROTECT-B;AJAX;63.86;Detector de inundación - Inalámbrico 868 MHz Jeweller - Antena interna - Apto para uso en interior - Alimentación 2 pilas AAA - Protección IP65;https://d1x12lhh8s9nlj.cloudfront.net/images/productos/products/AJ-LEAKSPROTECT-B/AJ-LEAKSPROTECT-B.png
AJ-LEAKSPROTECT-W;AJAX;63.86;Detector de inundación - Inalámbrico 868 MHz Jeweller - Antena interna - Apto para uso en interior - Alimentación 2 pilas AAA - Protección IP65;https://d1x12lhh8s9nlj.cloudfront.net/images/productos/products/AJ-LEAKSPROTECT-W/AJ-LEAKSPROTECT-W.png
AJ-LEDSTRIPS;AJAX;16;Tira LED para sirena exterior - AJ-STREETSIREN-W/B y AJ-STREETSIRENCUSTOM-W/B;https://d1x12lhh8s9nlj.cloudfront.net/images/productos/products/AJ-LEDSTRIPS/AJ-LEDSTRIPS.png
AJ-LIFEQUALITY-B;AJAX;324.7;Monitor de temperatura, humedad y CO2 - Inalámbrico 868 MHz Jeweller - Gráficos e historial de datos en App - Temperatura (-30ºC~50ºC) - Humedad (0%~100%) / CO2 (400ppm~10.000ppm) - Acelerómetro integrado contra sabotaje;https://d1x12lhh8s9nlj.cloudfront.net/images/productos/products/AJ-LIFEQUALITY-B/AJ-LIFEQUALITY-B.png
AJ-LIFEQUALITY-LITE-B;AJAX;96.38;Monitor de temperatura y humedad - Inalámbrico 868 MHz Jeweller - Gráficos e historial de datos en App - Temperatura entre -30 °C y 50 °C - Humedad entre 0% y 100% - Acelerómetro integrado contra sabotaje;https://d1x12lhh8s9nlj.cloudfront.net/images/productos/products/AJ-LIFEQUALITY-LITE-B/AJ-LIFEQUALITY-LITE-B.png
AJ-LIFEQUALITY-LITE-W;AJAX;96.38;Monitor de temperatura y humedad - Inalámbrico 868 MHz Jeweller - Gráficos e historial de datos en App - Temperatura (-30ºC~50ºC) - Humedad (0%~100%) - Acelerómetro integrado contra sabotaje;https://d1x12lhh8s9nlj.cloudfront.net/images/productos/products/AJ-LIFEQUALITY-LITE-W/AJ-LIFEQUALITY-LITE-W.png
AJ-LIFEQUALITY-W;AJAX;324.7;Monitor de temperatura, humedad y CO2 - Inalámbrico 868 MHz Jeweller - Gráficos e historial de datos en App - Temperatura (-30ºC~50ºC) - Humedad (0%~100%) / CO2 (400ppm~10.000ppm) - Acelerómetro integrado contra sabotaje;https://d1x12lhh8s9nlj.cloudfront.net/images/productos/products/AJ-LIFEQUALITY-W/AJ-LIFEQUALITY-W.png
AJ-LIGHTCORE-1G;AJAX;72.74;Relé para interruptor de luz inteligente simple - Inalámbrico 868 MHz Jeweller - Alcance de comunicación hasta 1100 m - Alimentación 230 V AC 50 Hz - Sin necesidad de cable neutro - Ajax - LightSwitch LightCore (1 Gang);https://d1x12lhh8s9nlj.cloudfront.net/images/productos/products/AJ-LIGHTCORE-1G/AJ-LIGHTCORE-1G.png
AJ-LIGHTCORE-1G-VERT;AJAX;72.74;Relé interruptor inteligente simple vertical - Inalámbrico 868 MHz Jeweller - Alcance de comunicación hasta 1100 m - Alimentación 230 V AC 50 Hz - Sin necesidad de cable neutro - Ajax - LightSwitch LightCore Vertical (1 Gang);https://d1x12lhh8s9nlj.cloudfront.net/images/productos/products/AJ-LIGHTCORE-1G-VERT/AJ-LIGHTCORE-1G-VERT.png
AJ-LIGHTCORE-2G;AJAX;83.68;Relé para interruptor de luz inteligente doble - Inalámbrico 868 MHz Jeweller - Alcance de comunicación hasta 1100 m - Alimentación 230 V AC 50 Hz - Sin necesidad de cable neutro - Ajax - LightSwitch LightCore (2 Gang);https://d1x12lhh8s9nlj.cloudfront.net/images/productos/products/AJ-LIGHTCORE-2G/AJ-LIGHTCORE-2G.png
AJ-LIGHTCORE-2G-VERT;AJAX;83.68;Relé para interruptor inteligente doble vertical - Inalámbrico 868 MHz Jeweller - Alcance de comunicación hasta 1100 m - Alimentación 230 V AC 50 Hz - Sin necesidad de cable neutro - Ajax - LightSwitch LightCore Vertical (2 Gang);https://d1x12lhh8s9nlj.cloudfront.net/images/productos/products/AJ-LIGHTCORE-2G-VERT/AJ-LIGHTCORE-2G-VERT.png
AJ-LIGHTCORE-2G2W;AJAX;107.48;Relé interruptor inteligente doble y conmutable - Inalámbrico 868 MHz Jeweller - Alcance de comunicación hasta 1100 m - Alimentación 230 V AC 50 Hz - Sin necesidad de cable neutro - Ajax - LightSwitch LightCore (2 Gang/2 way);https://d1x12lhh8s9nlj.cloudfront.net/images/productos/products/AJ-LIGHTCORE-2G2W/AJ-LIGHTCORE-2G2W.png
AJ-LIGHTCORE-2G2W-VERT;AJAX;107.48;Relé interruptor inteligente doble y conmutable - Inalámbrico 868 MHz Jeweller - Alcance de comunicación hasta 1100 m - Alimentación 230 V AC 50 Hz - Sin necesidad de cable neutro - Ajax - LightSwitch LightCore Vertical (2G / 2W);https://d1x12lhh8s9nlj.cloudfront.net/images/productos/products/AJ-LIGHTCORE-2G2W-VERT/AJ-LIGHTCORE-2G2W-VERT.png
AJ-LIGHTCORE-2W;AJAX;77.74;Relé para interruptor de luz conmutable - Inalámbrico 868 MHz Jeweller - Alcance de comunicación hasta 1100 m - Alimentación 230 V AC 50 Hz - Sin necesidad de cable neutro - Ajax - LightSwitch LightCore (2 Way);https://d1x12lhh8s9nlj.cloudfront.net/images/productos/products/AJ-LIGHTCORE-2W/AJ-LIGHTCORE-2W.png
AJ-LIGHTCORE-2W-VERT;AJAX;77.74;Relé para interruptor de luz conmutable vertical - Inalámbrico 868 MHz Jeweller - Alcance de comunicación hasta 1100 m - Alimentación 230 V AC 50 Hz - Sin necesidad de cable neutro - Ajax - LightSwitch LightCore Vertical (2 Way);https://d1x12lhh8s9nlj.cloudfront.net/images/productos/products/AJ-LIGHTCORE-2W-VERT/AJ-LIGHTCORE-2W-VERT.png
AJ-LIGHTCORE-CROSS;AJAX;109.1;Relé para interruptor de luz de cruce - Inalámbrico 868 MHz Jeweller - Alcance de comunicación hasta 1100 m - Alimentación 230 V AC 50 Hz - Sin necesidad de cable neutro - Ajax - LightSwitch LightCore (Crossover);https://d1x12lhh8s9nlj.cloudfront.net/images/productos/products/AJ-LIGHTCORE-CROSS/AJ-LIGHTCORE-CROSS.png
AJ-LIGHTCORE-CROSS-VERT;AJAX;109.1;Relé para interruptor de luz de cruce vertical - Inalámbrico 868 MHz Jeweller - Alcance de comunicación hasta 1100 m - Alimentación 230 V AC 50 Hz - Sin necesidad de cable neutro - Ajax - LightSwitch LightCore Vertical(Crossover);https://d1x12lhh8s9nlj.cloudfront.net/images/productos/products/AJ-LIGHTCORE-CROSS-VERT/AJ-LIGHTCORE-CROSS-VERT.png
AJ-LIGHTCORE-DIMMER;AJAX;130.52;Relé interruptor de luz inteligente regulable - Inalámbrico 868 MHz Jeweller - Alcance de comunicación hasta 900 m - Alimentación 230 V AC 50 Hz - Sin necesidad de cable neutro - Ajax - LightSwitch LightCore (Dimmer);https://d1x12lhh8s9nlj.cloudfront.net/images/productos/products/AJ-LIGHTCORE-DIMMER/AJ-LIGHTCORE-DIMMER.png
AJ-LIGHTCORE-DIMMER-VERT;AJAX;130.52;Relé interruptor de luz inteligente regulable - Inalámbrico 868 MHz Jeweller - Alcance de comunicación hasta 900 m - Alimentación 230 V AC 50 Hz - Sin necesidad de cable neutro - Ajax - LightSwitch LightCore (Dimmer) Vertical;https://d1x12lhh8s9nlj.cloudfront.net/images/productos/products/AJ-LIGHTCORE-DIMMER-VERT/AJ-LIGHTCORE-DIMMER-VERT.png
AJ-MAGNET-B;AJAX;8;Imán grande - AJ-DOORPROTECT-B y AJ-DOORPROTECTPLUS-B - Instalación sencilla - Plástico ABS - Color negro;https://d1x12lhh8s9nlj.cloudfront.net/images/productos/products/AJ-MAGNET-B/AJ-MAGNET-B.png
AJ-MAGNET-W;AJAX;8;Imán grande y pequeño - AJ-DOORPROTECT-W y AJ-DOORPROTECTPLUS-W - Instalación sencilla - Plástico ABS - Color blanco;https://d1x12lhh8s9nlj.cloudfront.net/images/productos/products/AJ-MAGNET-W/AJ-MAGNET-W.png
AJ-MANUALCALLPOINT-BLUE;AJAX;112.46;Botón manual de alarma de incendio azul - Inalámbrico 868 MHz Jeweller - Botón alarma incendio o activador de escenarios - Compatible con función de alarma interconectada - Transmisión de alarmas a CRA (configurable) - Alimentación 2 pilas CR123A;https://d1x12lhh8s9nlj.cloudfront.net/images/productos/products/AJ-MANUALCALLPOINT-BLUE/AJ-MANUALCALLPOINT-BLUE.png
AJ-MANUALCALLPOINT-GREEN;AJAX;112.46;Botón manual de alarma de incendio verde - Inalámbrico 868 MHz Jeweller - Botón alarma incendio o activador de escenarios - Compatible con función de alarma interconectada - Transmisión de alarmas a CRA (configurable) - Alimentación 2 pilas CR123A;https://d1x12lhh8s9nlj.cloudfront.net/images/productos/products/AJ-MANUALCALLPOINT-GREEN/AJ-MANUALCALLPOINT-GREEN.png
AJ-MANUALCALLPOINT-WHITE;AJAX;112.46;Botón manual de alarma de incendio blanco - Inalámbrico 868 MHz Jeweller - Botón alarma incendio o activador de escenarios - Compatible con función de alarma interconectada - Transmisión de alarmas a CRA (configurable) - Alimentación 2 pilas CR123A;https://d1x12lhh8s9nlj.cloudfront.net/images/productos/products/AJ-MANUALCALLPOINT-WHITE/AJ-MANUALCALLPOINT-WHITE.png
AJ-MANUALCALLPOINT-YELLOW;AJAX;112.46;Botón manual de alarma de incendio amarillo - Inalámbrico 868 MHz Jeweller - Botón alarma incendio o activador de escenarios - Compatible con función de alarma interconectada - Transmisión de alarmas a CRA (configurable) - Alimentación 2 pilas CR123A;https://d1x12lhh8s9nlj.cloudfront.net/images/productos/products/AJ-MANUALCALLPOINT-YELLOW/AJ-MANUALCALLPOINT-YELLOW.png
AJ-MINIHUB-W;AJAX;8;Abrazadera de sujeción de cables - AJ-HUB-W, AJ-HUBPLUS-W, AJ-HUB2-W, AJ-HUB2-4G-W - AJ-HUB2PLUS-W, AJ-REX-W y AJ-REX2-W - Instalación sencilla - Plástico ABS - Color blanco;https://d1x12lhh8s9nlj.cloudfront.net/images/productos/products/AJ-MINIHUB-W/AJ-MINIHUB-W.png
AJ-MOTIONCAM-B-DUMMY;AJAX;50;Carcasa para fotodetector - AJ-MOTIONCAM-B - Instalación sencilla - Incluye SmartBracket - Plástico ABS - Color blanco;https://d1x12lhh8s9nlj.cloudfront.net/images/productos/products/AJ-MOTIONCAM-B-DUMMY/AJ-MOTIONCAM-B-DUMMY.png
AJ-MOTIONCAM-HDR-B;AJAX;171.36;Fotodetector - Grado 2 - Sustituye a AJ-MOTIONCAM-B - Tecnología HDR - Envío de imágenes hasta VGA (640x480) - Hasta 5 imágenes por detección - Antimascotas / Rango de detección 12 m;https://d1x12lhh8s9nlj.cloudfront.net/images/productos/products/AJ-MOTIONCAM-HDR-B/AJ-MOTIONCAM-HDR-B.png
AJ-MOTIONCAM-HDR-PHOD-B;AJAX;191.76;Fotodetector PhOD - Grado 2 - Foto bajo demanda (PhOD) / Tecnología HDR - Sustituye a AJ-MOTIONCAM-PHOD-B - Envío de imágenes hasta VGA (640x480) - Hasta 5 imágenes por detección - Antimascotas / Rango de detección 12m;https://d1x12lhh8s9nlj.cloudfront.net/images/productos/products/AJ-MOTIONCAM-HDR-PHOD-B/AJ-MOTIONCAM-HDR-PHOD-B.png
AJ-MOTIONCAM-HDR-PHOD-W;AJAX;191.76;Fotodetector PhOD - Grado 2 - Sustituye a AJ-MOTIONCAM-PHOD-W - Foto bajo demanda (PhOD) / Tecnología HDR - Envío de imágenes hasta VGA (640x480) - Hasta 5 imágenes por detección - Antimascotas / Rango de detección 12 m;https://d1x12lhh8s9nlj.cloudfront.net/images/productos/products/AJ-MOTIONCAM-HDR-PHOD-W/AJ-MOTIONCAM-HDR-PHOD-W.png
AJ-MOTIONCAM-HDR-W;AJAX;171.36;Fotodetector - Grado 2 - Sustituye a AJ-MOTIONCAM-W - Tecnología HDR - Envío de imágenes hasta VGA (640x480) - Hasta 5 imágenes por detección - Antimascotas / Rango de detección 12 m;https://d1x12lhh8s9nlj.cloudfront.net/images/productos/products/AJ-MOTIONCAM-HDR-W/AJ-MOTIONCAM-HDR-W.png
AJ-MOTIONCAM-W-DUMMY;AJAX;50;Carcasa para fotodetector - AJ-MOTIONCAM-W - Instalación sencilla - Incluye SmartBracket - Plástico ABS - Color blanco;https://d1x12lhh8s9nlj.cloudfront.net/images/productos/products/AJ-MOTIONCAM-W-DUMMY/AJ-MOTIONCAM-W-DUMMY.png
AJ-MOTIONCAMOUTDOOR-HIGHMOUNT-PHOD-W;AJAX;556.22;Fotodetector exterior con petición de imagen - Doble tecnología: PIR y microondas banda K - Gestor de privacidad / Sensor antimasking - Hasta 5 imágenes por detección - Instalación en altura 2~4 m - Soporte giratorio incluido;https://d1x12lhh8s9nlj.cloudfront.net/images/productos/products/AJ-MOTIONCAMOUTDOOR-HIGHMOUNT-PHOD-W/AJ-MOTIONCAMOUTDOOR-HIGHMOUNT-PHOD-W.png
AJ-MOTIONCAMOUTDOOR-PHOD-W;AJAX;387.6;Fotodetector exterior con petición de imagen - Inalámbrico 868 MHz Jeweller - Detección de 3 a 15 m - Gestor de privacidad - Antimasking / Inmune a mascotas - Uso exterior IP55;https://d1x12lhh8s9nlj.cloudfront.net/images/productos/products/AJ-MOTIONCAMOUTDOOR-PHOD-W/AJ-MOTIONCAMOUTDOOR-PHOD-W.png
AJ-MOTIONCAMOUTDOOR-W;AJAX;342.72;Fotodetector PIR exterior - Grado 2 - Inalámbrico 868 MHz Jeweller - Detección de 3 a 15 m regulable - Envío de imágenes hasta VGA (640x480) - Antimasking / Inmune a mascotas - Uso exterior IP55;https://d1x12lhh8s9nlj.cloudfront.net/images/productos/products/AJ-MOTIONCAMOUTDOOR-W/AJ-MOTIONCAMOUTDOOR-W.png
AJ-MOTIONCAMOUTDOOR-W-DUMMY;AJAX;68.46;Carcasa para fotodetector - AJ-MOTIONCAMOUTDOOR-W - Instalación sencilla - Incluye SmartBracket - Plástico ABS - Color blanco;https://d1x12lhh8s9nlj.cloudfront.net/images/productos/products/AJ-MOTIONCAMOUTDOOR-W-DUMMY/AJ-MOTIONCAMOUTDOOR-W-DUMMY.png
AJ-MOTIONCAMOUTDOOR-W-LENS;AJAX;8;Lente para detector - AJ-MOTIONCAMOUTDOOR-W - AJ-MOTIONCAMOUTDOOR-PHOD-W - Instalación sencilla - Color blanco;https://d1x12lhh8s9nlj.cloudfront.net/images/productos/products/AJ-MOTIONCAMOUTDOOR-W-LENS/AJ-MOTIONCAMOUTDOOR-W-LENS.png
AJ-MOTIONPROTECT-B;AJAX;77.52;Detector PIR - Grado 2 - Inalámbrico 868 MHz Jeweller - Rango de detección hasta 12 m - Sensibilidad ajustable - Inmunidad ante mascotas - Tamper antisabotaje;https://d1x12lhh8s9nlj.cloudfront.net/images/productos/products/AJ-MOTIONPROTECT-B/AJ-MOTIONPROTECT-B.png
AJ-MOTIONPROTECT-B-DUMMY;AJAX;12;Carcasa para detector de movimiento - AJ-MOTIONPROTECT-B y AJ-MOTIONPROTECTPLUS-B - Instalación sencilla - Incluye SmartBracket - Plástico ABS - Color negro;https://d1x12lhh8s9nlj.cloudfront.net/images/productos/products/AJ-MOTIONPROTECT-B-DUMMY/AJ-MOTIONPROTECT-B-DUMMY.png
AJ-MOTIONPROTECT-B-LENS;AJAX;2.8;Lente para detector - AJ-MOTIONPROTECT-B, AJ-MOTIONPROTECTPLUS-B - AJ-COMBIPROTECT-B, AJ-MOTIONCAM-B - AJ-MOTIONCAM-PHOD-B - Instalación sencilla - Color negro;https://d1x12lhh8s9nlj.cloudfront.net/images/productos/products/AJ-MOTIONPROTECT-B-LENS/AJ-MOTIONPROTECT-B-LENS.png
AJ-MOTIONPROTECT-W;AJAX;77.52;Detector PIR - Grado 2 - Inalámbrico 868 MHz Jeweller - Rango de detección hasta 12 m - Sensibilidad ajustable - Inmunidad ante mascotas - Tamper antisabotaje;https://d1x12lhh8s9nlj.cloudfront.net/images/productos/products/AJ-MOTIONPROTECT-W/AJ-MOTIONPROTECT-W.png
AJ-MOTIONPROTECT-W-DUMMY;AJAX;12;Carcasa para detector de movimiento - AJ-MOTIONPROTECT-W y AJ-MOTIONPROTECTPLUS-W - Instalación sencilla - Incluye SmartBracket - Plástico ABS - Color blanco;https://d1x12lhh8s9nlj.cloudfront.net/images/productos/products/AJ-MOTIONPROTECT-W-DUMMY/AJ-MOTIONPROTECT-W-DUMMY.png
AJ-MOTIONPROTECT-W-LENS;AJAX;2.8;Lente para detector - AJ-MOTIONPROTECT-W, AJ-MOTIONPROTECTPLUS-W - AJ-COMBIPROTECT-W, AJ-MOTIONCAM-W - AJ-MOTIONCAM-PHOD-W - Instalación sencilla - Color blanco;https://d1x12lhh8s9nlj.cloudfront.net/images/productos/products/AJ-MOTIONPROTECT-W-LENS/AJ-MOTIONPROTECT-W-LENS.png
AJ-MOTIONPROTECTPLUS-B;AJAX;106.08;Detector PIR - Grado 2 - Doble tecnología : PIR y microondas banda K - Inalámbrico 868 MHz Jeweller - Inmunidad ante mascotas - Sensibilidad ajustable - Rango de detección 12 m;https://d1x12lhh8s9nlj.cloudfront.net/images/productos/products/AJ-MOTIONPROTECTPLUS-B/AJ-MOTIONPROTECTPLUS-B.png
AJ-MOTIONPROTECTPLUS-W;AJAX;106.08;Detector PIR - Grado 2 - Doble tecnología: PIR y microondas banda K - Inalámbrico 868 MHz Jeweller - Inmunidad ante mascotas - Sensibilidad ajustable - Rango de detección 12 m;https://d1x12lhh8s9nlj.cloudfront.net/images/productos/products/AJ-MOTIONPROTECTPLUS-W/AJ-MOTIONPROTECTPLUS-W.png
AJ-MOUNTCAM-A1-B;AJAX;51.18;Soporte - Para cámaras Bullet, Domo y Turret Ajax - Apto para uso exterior - Instalación en pared o poste - Color negro | 86 × 123 × 164 mm | 480 g;https://d1x12lhh8s9nlj.cloudfront.net/images/productos/products/AJ-MOUNTCAM-A1-B/AJ-MOUNTCAM-A1-B.png
AJ-MOUNTCAM-A1-W;AJAX;51.18;Soporte - Para cámaras Bullet, Domo y Turret Ajax - Apto para uso exterior - Instalación en pared o poste - Color blanco | 86 × 123 × 164 mm | 480 g;https://d1x12lhh8s9nlj.cloudfront.net/images/productos/products/AJ-MOUNTCAM-A1-W/AJ-MOUNTCAM-A1-W.png
AJ-MOUNTCAM-A2-B;AJAX;68.22;Soporte - Para cámaras Bullet, turret y domo Ajax - Apto para uso exterior - Instalación en pared o poste - Color negro | 86 × 136 × 174 mm | 630 g;https://d1x12lhh8s9nlj.cloudfront.net/images/productos/products/AJ-MOUNTCAM-A2-B/AJ-MOUNTCAM-A2-B.png
AJ-MOUNTCAM-A2-W;AJAX;68.22;Soporte - Para cámaras Bullet, turret y domo Ajax - Apto para uso exterior - Instalación en pared o poste - Color blanco | 86 × 136 × 174 mm | 630 g;https://d1x12lhh8s9nlj.cloudfront.net/images/productos/products/AJ-MOUNTCAM-A2-W/AJ-MOUNTCAM-A2-W.png
AJ-MOUNTCAM-B1-B;AJAX;73.1;Soporte - Para cámaras Bullet, Domo y Turret Ajax - Apto para uso exterior - Instalación en pared o poste - Color negro | 96 × 117 × 237 mm | 810 g;https://d1x12lhh8s9nlj.cloudfront.net/images/productos/products/AJ-MOUNTCAM-B1-B/AJ-MOUNTCAM-B1-B.png
AJ-MOUNTCAM-B1-W;AJAX;73.1;Soporte - Para cámaras Bullet, Domo y Turret Ajax - Apto para uso exterior - Instalación en pared o poste - Color blanco | 96 × 117 × 237 mm | 810 g;https://d1x12lhh8s9nlj.cloudfront.net/images/productos/products/AJ-MOUNTCAM-B1-W/AJ-MOUNTCAM-B1-W.png
AJ-MOUNTCAM-B2-B;AJAX;90.16;Soporte - Para cámaras Bullet, Domo y Turret Ajax - Apto para uso exterior - Instalación en pared o poste - Color negro | 100 × 136 × 242 mm | 960 g;https://d1x12lhh8s9nlj.cloudfront.net/images/productos/products/AJ-MOUNTCAM-B2-B/AJ-MOUNTCAM-B2-B.png
AJ-MOUNTCAM-B2-W;AJAX;90.16;Soporte - Para cámaras Bullet, Domo y Turret Ajax - Apto para uso exterior - Instalación en pared o poste - Color blanco | 100 × 136 × 242 mm | 960 g;https://d1x12lhh8s9nlj.cloudfront.net/images/productos/products/AJ-MOUNTCAM-B2-W/AJ-MOUNTCAM-B2-W.png
AJ-MULTITRANSMITTER-3EOL-B;AJAX;189.72;Expansor vía radio - Certificado NFA2P y Grado 2 - Expansor de zonas cableadas vía radio - Inalámbrico 868 MHz Jeweller - Hasta 18 Entradas cableadas de alarma y tamper - Alarma configurable NC, NO, EOL, 2EOL, 3EOL - Doble salida de alimentación 12V / 1A;https://d1x12lhh8s9nlj.cloudfront.net/images/productos/products/AJ-MULTITRANSMITTER-3EOL-B/AJ-MULTITRANSMITTER-3EOL-B.png
AJ-MULTITRANSMITTER-3EOL-W-NF;AJAX;186;Expansor vía radio - Certificado NFA2P y Grado 2 - Expansor de zonas cableadas vía radio - Inalámbrico 868 MHz Jeweller - Hasta 18 Entradas cableadas de alarma y tamper - Alarma configurable NC, NO, EOL, 2EOL, 3EOL - Doble salida de alimentación 12V / 1A;https://d1x12lhh8s9nlj.cloudfront.net/images/productos/products/AJ-MULTITRANSMITTER-3EOL-W-NF/AJ-MULTITRANSMITTER-3EOL-W-NF.png
AJ-NVR108-B;AJAX;282.6;Grabador NVR - 8 canales - Compresión H.265 / H.264 - Resolución hasta 4K (25/30 FPS) - Ancho de banda 100Mbps - Espacio para 1HDD de hasta 16 TB;https://d1x12lhh8s9nlj.cloudfront.net/images/productos/products/AJ-NVR108-B/AJ-NVR108-B.png
AJ-NVR108-DC-B;AJAX;282.6;Grabador NVR - 8 canales - Compresión H.265 / H.264 - Resolución hasta 4K (25/30 FPS) - Ancho de banda 100Mbps | Alimentación DC 12V - Espacio para 1HDD de hasta 16 TB;https://d1x12lhh8s9nlj.cloudfront.net/images/productos/products/AJ-NVR108-DC-B/AJ-NVR108-DC-B.png
AJ-NVR108-DC-W;AJAX;282.6;Grabador NVR - 8 canales - Compresión H.265 / H.264 - Resolución hasta 4K (25/30 FPS) - Ancho de banda 100Mbps | Alimentación DC 12V - Espacio para 1HDD de hasta 16 TB;https://d1x12lhh8s9nlj.cloudfront.net/images/productos/products/AJ-NVR108-DC-W/AJ-NVR108-DC-W.png
AJ-NVR108-HAC-B;AJAX;324.98;Grabador NVR - 8 canales | HDMI Full HD - Compresión H.265 | H.264 - Resolución de grabación hasta 12MP - Ancho de banda 80Mbps - Espacio para 1HDD de hasta 16 TB;https://d1x12lhh8s9nlj.cloudfront.net/images/productos/products/AJ-NVR108-HAC-B/AJ-NVR108-HAC-B.png
AJ-NVR108-HAC-W;AJAX;324.98;Grabador NVR - 8 canales | HDMI Full HD - Compresión H.265 | H.264 - Resolución de grabación hasta 12MP - Ancho de banda 80Mbps - Espacio para 1HDD de hasta 16 TB;https://d1x12lhh8s9nlj.cloudfront.net/images/productos/products/AJ-NVR108-HAC-W/AJ-NVR108-HAC-W.png
AJ-NVR108-HDC-B;AJAX;324.98;Grabador NVR - 8 canales | HDMI Full HD - Compresión H.265 | H.264 - Resolución de grabación hasta 8 MP - Ancho de banda 80Mbps - Espacio para 1HDD de hasta 16 TB;https://d1x12lhh8s9nlj.cloudfront.net/images/productos/products/AJ-NVR108-HDC-B/AJ-NVR108-HDC-B.png
AJ-NVR108-HDC-W;AJAX;324.98;Grabador NVR - 8 canales | HDMI Full HD - Compresión H.265 | H.264 - Resolución de grabación hasta 8 MP - Ancho de banda 80Mbps - Espacio para 1HDD de hasta 16 TB;https://d1x12lhh8s9nlj.cloudfront.net/images/productos/products/AJ-NVR108-HDC-W/AJ-NVR108-HDC-W.png
AJ-NVR108-W;AJAX;282.6;Grabador NVR - 8 canales - Compresión H.265 / H.264 - Resolución hasta 4K (25/30 FPS) - Ancho de banda 100Mbps - Espacio para 1HDD de hasta 16 TB;https://d1x12lhh8s9nlj.cloudfront.net/images/productos/products/AJ-NVR108-W/AJ-NVR108-W.png
AJ-NVR116-B;AJAX;434.82;Grabador NVR - 16 canales - Compresión H.265 / H.264 - Resolución hasta 4K (25/30 FPS) - Ancho de banda 100Mbps - Espacio para 1HDD de hasta 16 TB;https://d1x12lhh8s9nlj.cloudfront.net/images/productos/products/AJ-NVR116-B/AJ-NVR116-B.png
AJ-NVR116-DC-B;AJAX;434.82;Grabador NVR - 16 canales - Compresión H.265 / H.264 - Resolución hasta 4K (25/30 FPS) - Ancho de banda 100Mbps | Alimentación DC 12V - Espacio para 1HDD de hasta 16 TB;https://d1x12lhh8s9nlj.cloudfront.net/images/productos/products/AJ-NVR116-DC-B/AJ-NVR116-DC-B.png
AJ-NVR116-DC-W;AJAX;434.82;Grabador NVR - 16 canales - Compresión H.265 / H.264 - Resolución hasta 4K (25/30 FPS) - Ancho de banda 100Mbps | Alimentación DC 12V - Espacio para 1HDD de hasta 16 TB;https://d1x12lhh8s9nlj.cloudfront.net/images/productos/products/AJ-NVR116-DC-W/AJ-NVR116-DC-W.png
AJ-NVR116-HAC-B;AJAX;500.04;Grabador NVR - 16 canales - Compresión H.265 / H.264 - Resolución hasta 12MP | HDMI Full HD - Ancho de banda 80 Mbps - Espacio para 1HDD de hasta 16 TB;https://d1x12lhh8s9nlj.cloudfront.net/images/productos/products/AJ-NVR116-HAC-B/AJ-NVR116-HAC-B.png
AJ-NVR116-HAC-W;AJAX;500.04;Grabador NVR - 16 canales - Compresión H.265 / H.264 - Resolución hasta 12MP | HDMI Full HD - Ancho de banda 80Mbps - Espacio para 1HDD de hasta 16 TB;https://d1x12lhh8s9nlj.cloudfront.net/images/productos/products/AJ-NVR116-HAC-W/AJ-NVR116-HAC-W.png
AJ-NVR116-HDC-B;AJAX;500.04;Grabador NVR - 16 canales | HDMI Full HD - Compresión H.265 | H.264 - Resolución de grabación hasta 8 MP - Ancho de banda 80Mbps - Espacio para 1HDD de hasta 16 TB;https://d1x12lhh8s9nlj.cloudfront.net/images/productos/products/AJ-NVR116-HDC-B/AJ-NVR116-HDC-B.png
AJ-NVR116-HDC-W;AJAX;500.04;Grabador NVR - 16 canales | HDMI Full HD - Compresión H.265 | H.264 - Resolución de grabación hasta 8 MP - Ancho de banda 80Mbps - Espacio para 1HDD de hasta 16 TB;https://d1x12lhh8s9nlj.cloudfront.net/images/productos/products/AJ-NVR116-HDC-W/AJ-NVR116-HDC-W.png
AJ-NVR116-W;AJAX;434.82;Grabador NVR - 16 canales - Compresión H.265 / H.264 - Resolución hasta 4K (25/30 FPS) - Ancho de banda 100Mbps - Espacio para 1HDD de hasta 16 TB;https://d1x12lhh8s9nlj.cloudfront.net/images/productos/products/AJ-NVR116-W/AJ-NVR116-W.png
AJ-NVR208-HAC-8P-B;AJAX;430.98;Grabador NVR 8 puertos PoE - 8 canales | HDMI - Compresión H.265/H.264 | JetSparrow - Resolución hasta 12MP - Ancho de banda 160Mbps | Protección IP20 - Espacio para 2HDD de hasta 16 TB;https://d1x12lhh8s9nlj.cloudfront.net/images/productos/products/AJ-NVR208-HAC-8P-B/AJ-NVR208-HAC-8P-B.png
AJ-NVR208-HAC-8P-W;AJAX;430.98;Grabador NVR 8 puertos PoE - 8 canales | HDMI - Compresión H.265/H.264 | JetSparrow - Resolución hasta 12MP - Ancho de banda 160Mbps | Protección IP20 - Espacio para 2HDD de hasta 16 TB;https://d1x12lhh8s9nlj.cloudfront.net/images/productos/products/AJ-NVR208-HAC-8P-W/AJ-NVR208-HAC-8P-W.png
AJ-NVR208-HAC-AI-8P-S-B;AJAX;469.74;Grabador NVR Superior - 8 canales | 8 puertos PoE IEEE802.3af/at - Compresión H.265/H.264 | JetSparrow - Resolución hasta 12MP | IA | RJ45 | HDMI - Ancho de banda 384Mbps | Protección IP20 - Espacio para 2HDD de hasta 24 TB;https://d1x12lhh8s9nlj.cloudfront.net/images/productos/products/AJ-NVR208-HAC-AI-8P-S-B/AJ-NVR208-HAC-AI-8P-S-B.png
AJ-NVR208-HAC-AI-8P-S-W;AJAX;469.74;Grabador NVR Superior - 8 canales | 8 puertos PoE IEEE802.3af/at - Compresión H.265/H.264 | JetSparrow - Resolución hasta 12MP | IA | RJ45 | HDMI - Ancho de banda 384Mbps | Protección IP20 - Espacio para 2HDD de hasta 24 TB;https://d1x12lhh8s9nlj.cloudfront.net/images/productos/products/AJ-NVR208-HAC-AI-8P-S-W/AJ-NVR208-HAC-AI-8P-S-W.png
AJ-NVR208-HAC-B;AJAX;296.98;Grabador NVR - 8 canales | HDMI 4K - Compresión H.265/H.264 | JetSparrow - Resolución hasta 12MP - Ancho de banda 160Mbps | Protección IP20 - Espacio para 2HDD de hasta 16 TB;https://d1x12lhh8s9nlj.cloudfront.net/images/productos/products/AJ-NVR208-HAC-B/AJ-NVR208-HAC-B.png
AJ-NVR208-HAC-W;AJAX;296.98;Grabador NVR - 8 canales | HDMI 4K - Compresión H.265/H.264 | JetSparrow - Resolución hasta 12MP - Ancho de banda 160Mbps | Protección IP20 - Espacio para 2HDD de hasta 16 TB;https://d1x12lhh8s9nlj.cloudfront.net/images/productos/products/AJ-NVR208-HAC-W/AJ-NVR208-HAC-W.png
AJ-NVR208-HAC2G-AI-S-B;AJAX;335.72;Grabador NVR Superior - 8 canales | HDMI - Compresión H.265/H.264 | JetSparrow - Resolución hasta 12MP | IA | 2 × RJ45 - Ancho de banda 384Mbps | Protección IP20 - Espacio para 2HDD de hasta 24 TB;https://d1x12lhh8s9nlj.cloudfront.net/images/productos/products/AJ-NVR208-HAC2G-AI-S-B/AJ-NVR208-HAC2G-AI-S-B.png
AJ-NVR208-HAC2G-AI-S-W;AJAX;335.72;Grabador NVR Superior - 8 canales | HDMI - Compresión H.265/H.264 | JetSparrow - Resolución hasta 12MP | IA | 2 × RJ45 - Ancho de banda 384Mbps | Protección IP20 - Espacio para 2HDD de hasta 24 TB;https://d1x12lhh8s9nlj.cloudfront.net/images/productos/products/AJ-NVR208-HAC2G-AI-S-W/AJ-NVR208-HAC2G-AI-S-W.png
AJ-NVR216-HAC-16P-B;AJAX;724.94;Grabador NVR 16 puertos PoE - 16 canales | HDMI - Compresión H.265/H.264 | JetSparrow - Resolución hasta 12MP - Ancho de banda 160Mbps | Protección IP20 - Espacio para 2HDD de hasta 16 TB;https://d1x12lhh8s9nlj.cloudfront.net/images/productos/products/AJ-NVR216-HAC-16P-B/AJ-NVR216-HAC-16P-B.png
AJ-NVR216-HAC-16P-W;AJAX;724.94;Grabador NVR 16 puertos PoE - 16 canales | HDMI - Compresión H.265/H.264 | JetSparrow - Resolución hasta 12MP - Ancho de banda 160Mbps | Protección IP20 - Espacio para 2HDD de hasta 16 TB;https://d1x12lhh8s9nlj.cloudfront.net/images/productos/products/AJ-NVR216-HAC-16P-W/AJ-NVR216-HAC-16P-W.png
AJ-NVR216-HAC-8P-B;AJAX;590.92;Grabador NVR 8 puertos PoE - 16 canales | HDMI - Compresión H.265/H.264 | JetSparrow - Resolución hasta 12MP - Ancho de banda 160Mbps | Protección IP20 - Espacio para 2HDD de hasta 16 TB;https://d1x12lhh8s9nlj.cloudfront.net/images/productos/products/AJ-NVR216-HAC-8P-B/AJ-NVR216-HAC-8P-B.png
AJ-NVR216-HAC-8P-W;AJAX;590.92;Grabador NVR 8 puertos PoE - 16 canales | HDMI - Compresión H.265/H.264 | JetSparrow - Resolución hasta 12MP - Ancho de banda 160Mbps | Protección IP20 - Espacio para 2HDD de hasta 16 TB;https://d1x12lhh8s9nlj.cloudfront.net/images/productos/products/AJ-NVR216-HAC-8P-W/AJ-NVR216-HAC-8P-W.png
AJ-NVR216-HAC-AI-16P-S-B;AJAX;784.56;Grabador NVR Superior - 16 canales | 16 puertos PoE IEEE802.3af/at - Compresión H.265/H.264 | JetSparrow - Resolución hasta 12MP | IA | RJ45 | HDMI - Ancho de banda 384Mbps | Protección IP20 - Espacio para 2HDD de hasta 24 TB;https://d1x12lhh8s9nlj.cloudfront.net/images/productos/products/AJ-NVR216-HAC-AI-16P-S-B/AJ-NVR216-HAC-AI-16P-S-B.png
AJ-NVR216-HAC-AI-16P-S-W;AJAX;784.56;Grabador NVR Superior - 16 canales | 16 puertos PoE IEEE802.3af/at - Compresión H.265/H.264 | JetSparrow - Resolución hasta 12MP | IA | RJ45 | HDMI - Ancho de banda 384Mbps | Protección IP20 - Espacio para 2HDD de hasta 24 TB;https://d1x12lhh8s9nlj.cloudfront.net/images/productos/products/AJ-NVR216-HAC-AI-16P-S-W/AJ-NVR216-HAC-AI-16P-S-W.png
AJ-NVR216-HAC-AI-8P-S-B;AJAX;650.54;Grabador NVR Superior - 16 canales | 8 puertos PoE IEEE802.3af/at - Compresión H.265/H.264 | JetSparrow - Resolución hasta 12MP | IA | RJ45 | HDMI - Ancho de banda 384Mbps | Protección IP20 - Espacio para 2HDD de hasta 24 TB;https://d1x12lhh8s9nlj.cloudfront.net/images/productos/products/AJ-NVR216-HAC-AI-8P-S-B/AJ-NVR216-HAC-AI-8P-S-B.png
AJ-NVR216-HAC-AI-8P-S-W;AJAX;650.54;Grabador NVR Superior - 16 canales | 8 puertos PoE IEEE802.3af/at - Compresión H.265/H.264 | JetSparrow - Resolución hasta 12MP | IA | RJ45 | HDMI - Ancho de banda 384Mbps | Protección IP20 - Espacio para 2HDD de hasta 24 TB;https://d1x12lhh8s9nlj.cloudfront.net/images/productos/products/AJ-NVR216-HAC-AI-8P-S-W/AJ-NVR216-HAC-AI-8P-S-W.png
AJ-NVR216-HAC-B;AJAX;456.92;Grabador NVR - 16 canales | HDMI - Compresión H.265/H.264 | JetSparrow - Resolución hasta 12MP - Ancho de banda 160Mbps | Protección IP20 - Espacio para 2HDD de hasta 16 TB;https://d1x12lhh8s9nlj.cloudfront.net/images/productos/products/AJ-NVR216-HAC-B/AJ-NVR216-HAC-B.png
AJ-NVR216-HAC-W;AJAX;456.92;Grabador NVR - 16 canales | HDMI - Compresión H.265/H.264 | JetSparrow - Resolución hasta 12MP - Ancho de banda 160Mbps | Protección IP20 - Espacio para 2HDD de hasta 16 TB;https://d1x12lhh8s9nlj.cloudfront.net/images/productos/products/AJ-NVR216-HAC-W/AJ-NVR216-HAC-W.png
AJ-NVR216-HAC2G-AI-S-B;AJAX;516.52;Grabador NVR Superior - 16 canales | HDMI - Compresión H.265/H.264 | JetSparrow - Resolución hasta 12MP | IA | 2 × RJ45 - Ancho de banda 384Mbps | Protección IP20 - Espacio para 2HDD de hasta 24 TB;https://d1x12lhh8s9nlj.cloudfront.net/images/productos/products/AJ-NVR216-HAC2G-AI-S-B/AJ-NVR216-HAC2G-AI-S-B.png
AJ-NVR216-HAC2G-AI-S-W;AJAX;516.52;Grabador NVR Superior - 16 canales | HDMI - Compresión H.265/H.264 | JetSparrow - Resolución hasta 12MP | IA | 2 × RJ45 - Ancho de banda 384Mbps | Protección IP20 - Espacio para 2HDD de hasta 24 TB;https://d1x12lhh8s9nlj.cloudfront.net/images/productos/products/AJ-NVR216-HAC2G-AI-S-W/AJ-NVR216-HAC2G-AI-S-W.png
AJ-NVR232-HAC-AI-16P-S-B;AJAX;1059.12;Grabador NVR Superior - 32 canales | 16 puertos PoE IEEE802.3af/at - Compresión H.265/H.264 | JetSparrow - Resolución hasta 12MP | IA | RJ45 | HDMI - Ancho de banda 384Mbps | Protección IP20 - Espacio para 2HDD de hasta 24 TB;https://d1x12lhh8s9nlj.cloudfront.net/images/productos/products/AJ-NVR232-HAC-AI-16P-S-B/AJ-NVR232-HAC-AI-16P-S-B.png
AJ-NVR232-HAC-AI-16P-S-W;AJAX;1059.12;Grabador NVR Superior - 32 canales | 16 puertos PoE IEEE802.3af/at - Compresión H.265/H.264 | JetSparrow - Resolución hasta 12MP | IA | RJ45 | HDMI - Ancho de banda 384Mbps | Protección IP20 - Espacio para 2HDD de hasta 24 TB;https://d1x12lhh8s9nlj.cloudfront.net/images/productos/products/AJ-NVR232-HAC-AI-16P-S-W/AJ-NVR232-HAC-AI-16P-S-W.png
AJ-NVR232-HAC2G-AI-S-B;AJAX;697.3;Grabador NVR Superior - 32 canales | HDMI - Compresión H.265/H.264 | JetSparrow - Resolución hasta 12MP | IA | 2 × RJ45 - Ancho de banda 384Mbps | Protección IP20 - Espacio para 2HDD de hasta 24 TB;https://d1x12lhh8s9nlj.cloudfront.net/images/productos/products/AJ-NVR232-HAC2G-AI-S-B/AJ-NVR232-HAC2G-AI-S-B.png
AJ-NVR232-HAC2G-AI-S-W;AJAX;697.3;Grabador NVR Superior - 32 canales | HDMI - Compresión H.265/H.264 | JetSparrow - Resolución hasta 12MP | IA | 2 × RJ45 - Ancho de banda 384Mbps | Protección IP20 - Espacio para 2HDD de hasta 24 TB;https://d1x12lhh8s9nlj.cloudfront.net/images/productos/products/AJ-NVR232-HAC2G-AI-S-W/AJ-NVR232-HAC2G-AI-S-W.png
AJ-NVRKIT108-2XBULLET-W;AJAX;703.48;Kit de videovigilancia Ajax - Grabador Ajax de 8 canales - 2 cámaras bullet de 5 Mpx Ajax - IR LEDs Alcance 50m, PoE 802.3at - Con Inteligencia Artificial - Compatible con ONVIF/RTSP;https://d1x12lhh8s9nlj.cloudfront.net/images/productos/products/AJ-NVRKIT108-2XBULLET-W/AJ-NVRKIT108-2XBULLET-W.png
AJ-NVRKIT108-2XTURRET-W;AJAX;703.48;Kit de videovigilancia Ajax - Grabador Ajax de 8 canales - 2 cámaras turret de 5 Mpx Ajax - IR LEDs Alcance 50m, PoE 802.3at - Con Inteligencia Artificial - Compatible con ONVIF/RTSP;https://d1x12lhh8s9nlj.cloudfront.net/images/productos/products/AJ-NVRKIT108-2XTURRET-W/AJ-NVRKIT108-2XTURRET-W.png
AJ-NVRKIT108B-2W;AJAX;600;Kit de videovigilancia Ajax - Grabador Ajax de 8 canales - 4 cámaras bullet WiFi de 2 Mpx Uniarch - Router WiFi de 4 puertos - Un disco duro de 1 TB - Integración por ONVIF;https://d1x12lhh8s9nlj.cloudfront.net/images/productos/products/AJ-NVRKIT108B-2W/AJ-NVRKIT108B-2W.png
AJ-NVRKIT108T-4;AJAX;510.1;Kit de videovigilancia Ajax - Grabador Ajax de 8 canales - 4 cámaras turret de 4 Mpx Safire Smart DualLight - Switch PoE de 4 canales - Un disco duro de 1 TB - Integración por ONVIF;https://d1x12lhh8s9nlj.cloudfront.net/images/productos/products/AJ-NVRKIT108T-4/AJ-NVRKIT108T-4.png
AJ-OCBRIDGEPLUS;AJAX;85.68;Módulo de integración - Dispositivos Ajax con central cableada - Hasta 100 dispositivos Ajax - 8 zonas de alarma para la central cableada - Tamper anti-apertura delantero y trasero - Software de gestión de dispositivos;https://d1x12lhh8s9nlj.cloudfront.net/images/productos/products/AJ-OCBRIDGEPLUS/AJ-OCBRIDGEPLUS.png
AJ-OUTDOORPROTECT-W;AJAX;240.72;Detector PIR exterior - Grado 2 - Doble sensor PIR - Inalámbrico 868 MHz Jeweller - Antimasking - Inmune a mascotas / Detección 15 m - Uso exterior IP55;https://d1x12lhh8s9nlj.cloudfront.net/images/productos/products/AJ-OUTDOORPROTECT-W/AJ-OUTDOORPROTECT-W.png
AJ-OUTDOORPROTECT-W-DUMMY;AJAX;36;Carcasa para detector de movimiento exterior - AJ-OUTDOORPROTECT-W - Instalación sencilla - Incluye SmartBracket - Plástico ABS - Color blanco;https://d1x12lhh8s9nlj.cloudfront.net/images/productos/products/AJ-OUTDOORPROTECT-W-DUMMY/AJ-OUTDOORPROTECT-W-DUMMY.png
AJ-OUTDOORPROTECT-W-LENS;AJAX;3;Lente para detector - AJ-OUTDOORPROTECT-W - Instalación sencilla - Color blanco;https://d1x12lhh8s9nlj.cloudfront.net/images/productos/products/AJ-OUTDOORPROTECT-W-LENS/AJ-OUTDOORPROTECT-W-LENS.png
AJ-OUTLETCORE-BASIC;AJAX;26.04;Enchufe básico tipo F - Alimentación 250 V AC 50/60 Hz - Hasta 3.6 kW (carga resistiva a 250 V) - Protección contra polvo y salpicaduras - Anti inserción de objetos - Sin control remoto;https://d1x12lhh8s9nlj.cloudfront.net/images/productos/products/AJ-OUTLETCORE-BASIC/AJ-OUTLETCORE-BASIC.png
AJ-OUTLETCORE-BASIC-VERT;AJAX;26.04;Enchufe básico vertical tipo F - Alimentación 250 V AC 50/60 Hz - Hasta 3.6 kW (carga resistiva a 250 V) - Protección contra polvo y salpicaduras - Anti inserción de objetos - Sin control remoto;https://d1x12lhh8s9nlj.cloudfront.net/images/productos/products/AJ-OUTLETCORE-BASIC-VERT/AJ-OUTLETCORE-BASIC-VERT.png
AJ-OUTLETCORE-LAN-B;AJAX;14.2;Enchufe Ethernet con dos puertos - Compatible con cables CAT.6 y CAT.5e - Transmisión de datos a alta velocidad - Requiere tapa: SOLOCOVER-LAN / SIDECOVER-LAN - CENTERCOVER-LAN - Color negro;https://d1x12lhh8s9nlj.cloudfront.net/images/productos/products/AJ-OUTLETCORE-LAN-B/AJ-OUTLETCORE-LAN-B.png
AJ-OUTLETCORE-LAN-W;AJAX;14.2;Enchufe Ethernet con dos puertos - Compatible con cables CAT.6 y CAT.5e - Transmisión de datos a alta velocidad - Requiere tapa: SOLOCOVER-LAN / SIDECOVER-LAN - CENTERCOVER-LAN - Color blanco;https://d1x12lhh8s9nlj.cloudfront.net/images/productos/products/AJ-OUTLETCORE-LAN-W/AJ-OUTLETCORE-LAN-W.png
AJ-OUTLETCORE-SMART;AJAX;65.04;Relé para enchufe inteligente tipo F - Inalámbrico 868 MHz Jeweller - Alcance de comunicación hasta 1100 m - Alimentación 230 V AC 50 Hz - Control a través de un móvil o manualmente - Monitor de consumo eléctrico;https://d1x12lhh8s9nlj.cloudfront.net/images/productos/products/AJ-OUTLETCORE-SMART/AJ-OUTLETCORE-SMART.png
AJ-PASS-B;AJAX;5.8;Tarjeta de acceso sin contacto - Tecnología Mifare DESFire® - Compatible con KeyPad Plus, KeyPad TouchScreen y - KeyPad Outdoor - Máxima seguridad y rápida identificación de usuarios - Color negro;https://d1x12lhh8s9nlj.cloudfront.net/images/productos/products/AJ-PASS-B/AJ-PASS-B.png
AJ-PASS-W;AJAX;5.8;Tarjeta de acceso sin contacto - Tecnología Mifare DESFire® - Compatible con KeyPad Plus, KeyPad TouchScreen y - KeyPad Outdoor - Máxima seguridad y rápida identificación de usuarios - Color blanco;https://d1x12lhh8s9nlj.cloudfront.net/images/productos/products/AJ-PASS-W/AJ-PASS-W.png
AJ-POLO-L;AJAX;59;Polo talla L - Color negro;https://d1x12lhh8s9nlj.cloudfront.net/images/productos/products/AJ-POLO-L/AJ-POLO-L.png
AJ-POLO-M;AJAX;62;Polo talla M - Color negro;https://d1x12lhh8s9nlj.cloudfront.net/images/productos/products/AJ-POLO-M/AJ-POLO-M.png
AJ-POLO-S;AJAX;59;Polo talla S - Color negro;https://d1x12lhh8s9nlj.cloudfront.net/images/productos/products/AJ-POLO-S/AJ-POLO-S.png
AJ-POLO-XL;AJAX;62;Polo talla XL - Color negro;https://d1x12lhh8s9nlj.cloudfront.net/images/productos/products/AJ-POLO-XL/AJ-POLO-XL.png
AJ-POLO-XXL;AJAX;59;Polo talla XXL - Color negro;https://d1x12lhh8s9nlj.cloudfront.net/images/productos/products/AJ-POLO-XXL/AJ-POLO-XXL.png
AJ-REEDSWITCH;AJAX;2.22;Pack de 25 Reed Switch - AJ-DOORPROTECT-W/B - AJ-DOORPROTECTPLUS-W/B;https://d1x12lhh8s9nlj.cloudfront.net/images/productos/products/AJ-REEDSWITCH/AJ-REEDSWITCH.png
AJ-RELAY;AJAX;55.62;Relé de control remoto - Contacto seco (libre de tensión) - Inalámbrico 868 MHz Jeweller - Alcance hasta 1000 m - Alimentación entrada 7~24VDC - Instalación en cajas de mecanismo estándar;https://d1x12lhh8s9nlj.cloudfront.net/images/productos/products/AJ-RELAY/AJ-RELAY.png
AJ-REPAIRKITHUB-W;AJAX;30;Carcasa para panel - Hubs compatibles: AJ-HUB-W, AJ-HUBPLUS-W - Repetidores compatibles: AJ-REX-W y AJ-REX2-W - Instalación sencilla - Plástico ABS - Color blanco;https://d1x12lhh8s9nlj.cloudfront.net/images/productos/products/AJ-REPAIRKITHUB-W/AJ-REPAIRKITHUB-W.png
AJ-REX-B;AJAX;159.12;Repetidor inalámbrico - Grado 2 - Conexión vía radio - Inalámbrico 868 MHz Jeweller - Hasta 200 dispositivos según modelo Hub - Batería respaldo hasta 35 horas - Tamper Antisabotaje;https://d1x12lhh8s9nlj.cloudfront.net/images/productos/products/AJ-REX-B/AJ-REX-B.png
AJ-REX-W;AJAX;159.12;Repetidor inalámbrico - Grado 2 - Conexión vía radio - Inalámbrico 868 MHz Jeweller - Hasta 200 dispositivos según modelo Hub - Batería respaldo hasta 35 horas - Tamper antisabotaje;https://d1x12lhh8s9nlj.cloudfront.net/images/productos/products/AJ-REX-W/AJ-REX-W.png
AJ-REX2-B;AJAX;236.64;Repetidor - Certificado NFA2P y grado 2 - Conexión vía radio y Ethernet - Inalámbrico 868 MHz Jeweller y Wings - Compatible con fotodetectores - Hasta 200 dispositivos según modelo Hub - Batería respaldo hasta 38 horas;https://d1x12lhh8s9nlj.cloudfront.net/images/productos/products/AJ-REX2-B/AJ-REX2-B.png
AJ-REX2-W-NF;AJAX;232;Repetidor - Certificado NFA2P y grado 2 - Conexión vía radio y Ethernet - Inalámbrico 868 MHz Jeweller y Wings - Compatible con fotodetectores - Hasta 200 dispositivos según modelo Hub - Batería respaldo hasta 38 horas;https://d1x12lhh8s9nlj.cloudfront.net/images/productos/products/AJ-REX2-W-NF/AJ-REX2-W-NF.png
AJ-SIDEBUTTON-1G2W-B;AJAX;11.56;Panel táctil para un interruptor de luz - Compatible con AJ-LIGHTCORE-1G/ -2W - Retroiluminación LED - Panel táctil lateral sin contacto - Color negro - Ajax - LightSwitch SideButton;https://d1x12lhh8s9nlj.cloudfront.net/images/productos/products/AJ-SIDEBUTTON-1G2W-B/AJ-SIDEBUTTON-1G2W-B.png
AJ-SIDEBUTTON-1G2W-B-VERT;AJAX;11.56;Panel táctil para un interruptor de luz vertical - Compatibilidad AJ-LIGHTCORE-1G-VERT / -2W-VERT - Retroiluminación LED - Panel táctil lateral sin contacto - Color negro - Ajax - LightSwitch SideButton Vertical;https://d1x12lhh8s9nlj.cloudfront.net/images/productos/products/AJ-SIDEBUTTON-1G2W-B-VERT/AJ-SIDEBUTTON-1G2W-B-VERT.png
AJ-SIDEBUTTON-1G2W-FOG;AJAX;11.56;Panel táctil para un interruptor de luz - Compatible con AJ-LIGHTCORE-1G / -2W - Retroiluminación LED - Panel táctil lateral sin contacto - Color niebla - Ajax - LightSwitch SideButton;https://d1x12lhh8s9nlj.cloudfront.net/images/productos/products/AJ-SIDEBUTTON-1G2W-FOG/AJ-SIDEBUTTON-1G2W-FOG.png
AJ-SIDEBUTTON-1G2W-GRA;AJAX;11.56;Panel táctil para un interruptor de luz - Compatible con AJ-LIGHTCORE-1G / -2W - Retroiluminación LED - Panel táctil lateral sin contacto - Color grafito - Ajax - LightSwitch SideButton;https://d1x12lhh8s9nlj.cloudfront.net/images/productos/products/AJ-SIDEBUTTON-1G2W-GRA/AJ-SIDEBUTTON-1G2W-GRA.png
AJ-SIDEBUTTON-1G2W-GRE;AJAX;11.56;Panel táctil para un interruptor de luz - Compatible con AJ-LIGHTCORE-1G / -2W - Retroiluminación LED - Panel táctil lateral sin contacto - Color gris - Ajax - LightSwitch SideButton;https://d1x12lhh8s9nlj.cloudfront.net/images/productos/products/AJ-SIDEBUTTON-1G2W-GRE/AJ-SIDEBUTTON-1G2W-GRE.png
AJ-SIDEBUTTON-1G2W-IVO;AJAX;11.56;Panel táctil para un interruptor de luz - Compatible con AJ-LIGHTCORE-1G / -2W - Retroiluminación LED - Panel táctil lateral sin contacto - Color marfil - Ajax - LightSwitch SideButton;https://d1x12lhh8s9nlj.cloudfront.net/images/productos/products/AJ-SIDEBUTTON-1G2W-IVO/AJ-SIDEBUTTON-1G2W-IVO.png
AJ-SIDEBUTTON-1G2W-OLI;AJAX;11.56;Panel táctil para un interruptor de luz - Compatible con AJ-LIGHTCORE-1G / -2W - Retroiluminación LED - Panel táctil lateral sin contacto - Color oliva - Ajax - LightSwitch SideButton;https://d1x12lhh8s9nlj.cloudfront.net/images/productos/products/AJ-SIDEBUTTON-1G2W-OLI/AJ-SIDEBUTTON-1G2W-OLI.png
AJ-SIDEBUTTON-1G2W-OYS;AJAX;11.56;Panel táctil para un interruptor de luz - Compatible con AJ-LIGHTCORE-1G /-2W - Retroiluminación LED - Panel táctil lateral sin contacto - Color ostra - Ajax - LightSwitch SideButton;https://d1x12lhh8s9nlj.cloudfront.net/images/productos/products/AJ-SIDEBUTTON-1G2W-OYS/AJ-SIDEBUTTON-1G2W-OYS.png
AJ-SIDEBUTTON-1G2W-W;AJAX;11.56;Panel táctil para un interruptor de luz - Compatibilidad con AJ-LIGHTCORE-1G / -2W - Retroiluminación LED - Panel táctil lateral sin contacto - Color blanco - Ajax - LightSwitch SideButton;https://d1x12lhh8s9nlj.cloudfront.net/images/productos/products/AJ-SIDEBUTTON-1G2W-W/AJ-SIDEBUTTON-1G2W-W.png
AJ-SIDEBUTTON-1G2W-W-VERT;AJAX;11.56;Panel táctil para un interruptor de luz vertical - Compatibilidad AJ-LIGHTCORE-1G-VERT / -2W-VERT - Retroiluminación LED - Panel táctil lateral sin contacto - Color blanco - Ajax - LightSwitch SideButton Vertical;https://d1x12lhh8s9nlj.cloudfront.net/images/productos/products/AJ-SIDEBUTTON-1G2W-W-VERT/AJ-SIDEBUTTON-1G2W-W-VERT.png
AJ-SIDEBUTTON-2G-B;AJAX;12.48;Panel táctil para un interruptor doble de luz - Compatible con AJ-LIGHTCORE-2G - Retroiluminación LED - Panel táctil lateral sin contacto - Color negro - Ajax - LightSwitch SideButton;https://d1x12lhh8s9nlj.cloudfront.net/images/productos/products/AJ-SIDEBUTTON-2G-B/AJ-SIDEBUTTON-2G-B.png
AJ-SIDEBUTTON-2G-B-VERT;AJAX;12.48;Panel táctil para interruptor de luz doble - Compatible con AJ-LIGHTCORE-2G-VERT - Retroiluminación LED - Panel táctil lateral sin contacto - Color negro - Ajax - LightSwitch SideButton Vertical;https://d1x12lhh8s9nlj.cloudfront.net/images/productos/products/AJ-SIDEBUTTON-2G-B-VERT/AJ-SIDEBUTTON-2G-B-VERT.png
AJ-SIDEBUTTON-2G-FOG;AJAX;12.48;Panel táctil para interruptor de luz doble - Compatible con AJ-LIGHTCORE-2G - Retroiluminación LED - Panel táctil lateral sin contacto - Color niebla - Ajax - LightSwitch SideButton;https://d1x12lhh8s9nlj.cloudfront.net/images/productos/products/AJ-SIDEBUTTON-2G-FOG/AJ-SIDEBUTTON-2G-FOG.png
AJ-SIDEBUTTON-2G-GRA;AJAX;12.48;Panel táctil para interruptor de luz doble - Compatible con AJ-LIGHTCORE-2G - Retroiluminación LED - Panel táctil lateral sin contacto - Color grafito - Ajax - LightSwitch SideButton;https://d1x12lhh8s9nlj.cloudfront.net/images/productos/products/AJ-SIDEBUTTON-2G-GRA/AJ-SIDEBUTTON-2G-GRA.png
AJ-SIDEBUTTON-2G-GRE;AJAX;12.48;Panel táctil para interruptor de luz doble - Compatible con AJ-LIGHTCORE-2G - Retroiluminación LED - Panel táctil lateral sin contacto - Color gris - Ajax - LightSwitch SideButton;https://d1x12lhh8s9nlj.cloudfront.net/images/productos/products/AJ-SIDEBUTTON-2G-GRE/AJ-SIDEBUTTON-2G-GRE.png
AJ-SIDEBUTTON-2G-IVO;AJAX;12.48;Panel táctil para interruptor de luz doble - Compatible con AJ-LIGHTCORE-2G - Retroiluminación LED - Panel táctil lateral sin contacto - Color marfil - Ajax - LightSwitch SideButton;https://d1x12lhh8s9nlj.cloudfront.net/images/productos/products/AJ-SIDEBUTTON-2G-IVO/AJ-SIDEBUTTON-2G-IVO.png
AJ-SIDEBUTTON-2G-OLI;AJAX;12.48;Panel táctil para interruptor de luz doble - Compatible con AJ-LIGHTCORE-2G - Retroiluminación LED - Panel táctil lateral sin contacto - Color oliva - Ajax - LightSwitch SideButton;https://d1x12lhh8s9nlj.cloudfront.net/images/productos/products/AJ-SIDEBUTTON-2G-OLI/AJ-SIDEBUTTON-2G-OLI.png
AJ-SIDEBUTTON-2G-OLI-VERT;AJAX;12.48;Panel táctil para interruptor doble vertical - Compatible con AJ-LIGHTCORE-2G-VERT - Retroiluminación LED - Panel táctil lateral sin contacto - Color oliva - Ajax - LightSwitch SideButton Vertical;https://d1x12lhh8s9nlj.cloudfront.net/images/productos/products/AJ-SIDEBUTTON-2G-OLI-VERT/AJ-SIDEBUTTON-2G-OLI-VERT.png
AJ-SIDEBUTTON-2G-OYS;AJAX;12.48;Panel táctil para interruptor de luz doble - Compatible con AJ-LIGHTCORE-2G - Retroiluminación LED - Panel táctil lateral sin contacto - Color ostra - Ajax - LightSwitch SideButton;https://d1x12lhh8s9nlj.cloudfront.net/images/productos/products/AJ-SIDEBUTTON-2G-OYS/AJ-SIDEBUTTON-2G-OYS.png
AJ-SIDEBUTTON-2G-W;AJAX;12.48;Panel táctil para interruptor de luz doble - Compatible con AJ-LIGHTCORE-2G - Retroiluminación LED - Panel táctil lateral sin contacto - Color blanco - Ajax - LightSwitch SideButton;https://d1x12lhh8s9nlj.cloudfront.net/images/productos/products/AJ-SIDEBUTTON-2G-W/AJ-SIDEBUTTON-2G-W.png
AJ-SIDEBUTTON-2G-W-VERT;AJAX;12.48;Panel táctil para interruptor doble vertical - Compatible con AJ-LIGHTCORE-2G-VERT - Retroiluminación LED - Panel táctil lateral sin contacto - Color blanco - Ajax - LightSwitch SideButton Vertical;https://d1x12lhh8s9nlj.cloudfront.net/images/productos/products/AJ-SIDEBUTTON-2G-W-VERT/AJ-SIDEBUTTON-2G-W-VERT.png
AJ-SIDEBUTTON-DIMMER-B;AJAX;44.78;Panel táctil para interruptor de luz regulable - Compatible con AJ-LIGHTCORE-DIMMER-VERT - Retroiluminación LED - Panel táctil lateral sin contacto - Color negro - Ajax - LightSwitch SideButton (Dimmer);https://d1x12lhh8s9nlj.cloudfront.net/images/productos/products/AJ-SIDEBUTTON-DIMMER-B/AJ-SIDEBUTTON-DIMMER-B.png
AJ-SIDEBUTTON-DIMMER-B-VERT;AJAX;44.78;Panel táctil para interruptor de luz regulable - Compatible con AJ-LIGHTCORE-DIMMER-VERT - Retroiluminación LED - Panel táctil lateral sin contacto - Color negro - Ajax - LightSwitch SideButton (Dimmer) Vertical;https://d1x12lhh8s9nlj.cloudfront.net/images/productos/products/AJ-SIDEBUTTON-DIMMER-B-VERT/AJ-SIDEBUTTON-DIMMER-B-VERT.png
AJ-SIDEBUTTON-DIMMER-W;AJAX;44.78;Panel táctil para interruptor de luz regulable - Compatible con AJ-LIGHTCORE-DIMMER - Retroiluminación LED - Panel táctil lateral sin contacto - Color blanco - Ajax - LightSwitch SideButton (Dimmer);https://d1x12lhh8s9nlj.cloudfront.net/images/productos/products/AJ-SIDEBUTTON-DIMMER-W/AJ-SIDEBUTTON-DIMMER-W.png
AJ-SIDEBUTTON-DIMMER-W-VERT;AJAX;44.78;Panel táctil para interruptor de luz regulable - Compatible con AJ-LIGHTCORE-DIMMER-VERT - Retroiluminación LED - Panel táctil lateral sin contacto - Color blanco - Ajax - LightSwitch SideButton (Dimmer) Vertical;https://d1x12lhh8s9nlj.cloudfront.net/images/productos/products/AJ-SIDEBUTTON-DIMMER-W-VERT/AJ-SIDEBUTTON-DIMMER-W-VERT.png
AJ-SIDECOVER-B;AJAX;13.08;Tapa lateral para enchufe básico tipo F - Compatible con AJ-OUTLETCORE-BASIC - Protección contra polvo, salpicaduras, objetos - Sin monitorizacion de consumo - Sin control remoto - Color negro;https://d1x12lhh8s9nlj.cloudfront.net/images/productos/products/AJ-SIDECOVER-B/AJ-SIDECOVER-B.png
AJ-SIDECOVER-CP-W;AJAX;6.72;Tapa lateral de la caja de montaje - Necesita AJ-COVERHOLDER-COVERPLATE - Combinable con interruptores y enchufes Ajax - Color blanco - Ajax - SideCover (CP);https://d1x12lhh8s9nlj.cloudfront.net/images/productos/products/AJ-SIDECOVER-CP-W/AJ-SIDECOVER-CP-W.png
AJ-SIDECOVER-FOG;AJAX;13.08;Tapa lateral para enchufe básico tipo F - Compatible con AJ-OUTLETCORE-BASIC - Protección contra polvo, salpicaduras, objetos - Sin monitorizacion de consumo - Sin control remoto - Color niebla;https://d1x12lhh8s9nlj.cloudfront.net/images/productos/products/AJ-SIDECOVER-FOG/AJ-SIDECOVER-FOG.png
AJ-SIDECOVER-GRA;AJAX;13.08;Tapa lateral para enchufe básico tipo F - Compatible con AJ-OUTLETCORE-BASIC - Protección contra polvo, salpicaduras, objetos - Sin monitorizacion de consumo - Sin control remoto - Color grafito;https://d1x12lhh8s9nlj.cloudfront.net/images/productos/products/AJ-SIDECOVER-GRA/AJ-SIDECOVER-GRA.png
AJ-SIDECOVER-GRE;AJAX;13.08;Tapa lateral para enchufe básico tipo F - Compatible con AJ-OUTLETCORE-BASIC - Protección contra polvo, salpicaduras, objetos - Sin monitorizacion de consumo - Sin control remoto - Color gris;https://d1x12lhh8s9nlj.cloudfront.net/images/productos/products/AJ-SIDECOVER-GRE/AJ-SIDECOVER-GRE.png
AJ-SIDECOVER-IVO;AJAX;13.08;Tapa lateral para enchufe básico tipo F - Compatible con AJ-OUTLETCORE-BASIC - Protección contra polvo, salpicaduras, objetos - Sin monitorizacion de consumo - Sin control remoto - Color marfil;https://d1x12lhh8s9nlj.cloudfront.net/images/productos/products/AJ-SIDECOVER-IVO/AJ-SIDECOVER-IVO.png
AJ-SIDECOVER-LAN-B;AJAX;6.88;Tapa lateral para enchufe Ethernet - Compatible con AJ-OUTLETCORE-LAN-W - Requiere marco AJ-FRAME - Color negro;https://d1x12lhh8s9nlj.cloudfront.net/images/productos/products/AJ-SIDECOVER-LAN-B/AJ-SIDECOVER-LAN-B.png
AJ-SIDECOVER-LAN-W;AJAX;6.88;Tapa lateral para enchufe Ethernet - Compatible con AJ-OUTLETCORE-LAN-W - Requiere marco AJ-FRAME - Color blanco;https://d1x12lhh8s9nlj.cloudfront.net/images/productos/products/AJ-SIDECOVER-LAN-W/AJ-SIDECOVER-LAN-W.png
AJ-SIDECOVER-OLI;AJAX;13.08;Tapa lateral para enchufe básico tipo F - Compatible con AJ-OUTLETCORE-BASIC - Protección contra polvo, salpicaduras, objetos - Sin monitorizacion de consumo - Sin control remoto - Color oliva;https://d1x12lhh8s9nlj.cloudfront.net/images/productos/products/AJ-SIDECOVER-OLI/AJ-SIDECOVER-OLI.png
AJ-SIDECOVER-OYS;AJAX;13.08;Tapa lateral para enchufe básico tipo F - Compatible con AJ-OUTLETCORE-BASIC - Protección contra polvo, salpicaduras, objetos - Sin monitorizacion de consumo - Sin control remoto - Color ostra;https://d1x12lhh8s9nlj.cloudfront.net/images/productos/products/AJ-SIDECOVER-OYS/AJ-SIDECOVER-OYS.png
AJ-SIDECOVER-SMART-B;AJAX;22.38;Tapa lateral para enchufe inteligente tipo F - Compatible con AJ-OUTLETCORE-SMART - Indicador LED sobre estado del enchufe y consumo - Botón táctil para control manual - Retroalimentación LED - Color negro;https://d1x12lhh8s9nlj.cloudfront.net/images/productos/products/AJ-SIDECOVER-SMART-B/AJ-SIDECOVER-SMART-B.png
AJ-SIDECOVER-SMART-FOG;AJAX;22.38;Tapa lateral para enchufe inteligente tipo F - Compatible con AJ-OUTLETCORE-SMART - Indicador LED sobre estado del enchufe y consumo - Botón táctil para control manual - Retroalimentación LED - Color niebla;https://d1x12lhh8s9nlj.cloudfront.net/images/productos/products/AJ-SIDECOVER-SMART-FOG/AJ-SIDECOVER-SMART-FOG.png
AJ-SIDECOVER-SMART-GRA;AJAX;22.38;Tapa lateral para enchufe inteligente tipo F - Compatible con AJ-OUTLETCORE-SMART - Indicador LED sobre estado del enchufe y consumo - Botón táctil para control manual - Retroalimentación LED - Color grafito;https://d1x12lhh8s9nlj.cloudfront.net/images/productos/products/AJ-SIDECOVER-SMART-GRA/AJ-SIDECOVER-SMART-GRA.png
AJ-SIDECOVER-SMART-GRE;AJAX;22.38;Tapa lateral para enchufe inteligente tipo F - Compatible con AJ-OUTLETCORE-SMART - Indicador LED sobre estado del enchufe y consumo - Botón táctil para control manual - Retroalimentación LED - Color gris;https://d1x12lhh8s9nlj.cloudfront.net/images/productos/products/AJ-SIDECOVER-SMART-GRE/AJ-SIDECOVER-SMART-GRE.png
AJ-SIDECOVER-SMART-IVO;AJAX;22.38;Tapa lateral para enchufe inteligente tipo F - Compatible con AJ-OUTLETCORE-SMART - Indicador LED sobre estado del enchufe y consumo - Botón táctil para control manual - Retroalimentación LED - Color marfil;https://d1x12lhh8s9nlj.cloudfront.net/images/productos/products/AJ-SIDECOVER-SMART-IVO/AJ-SIDECOVER-SMART-IVO.png
AJ-SIDECOVER-SMART-OLI;AJAX;22.38;Tapa lateral para enchufe inteligente tipo F - Compatible con AJ-OUTLETCORE-SMART - Indicador LED sobre estado del enchufe y consumo - Botón táctil para control manual - Retroalimentación LED - Color oliva;https://d1x12lhh8s9nlj.cloudfront.net/images/productos/products/AJ-SIDECOVER-SMART-OLI/AJ-SIDECOVER-SMART-OLI.png
AJ-SIDECOVER-SMART-OYS;AJAX;22.38;Tapa lateral para enchufe inteligente tipo F - Compatible con AJ-OUTLETCORE-SMART - Indicador LED sobre estado del enchufe y consumo - Botón táctil para control manual - Retroalimentación LED - Color ostra;https://d1x12lhh8s9nlj.cloudfront.net/images/productos/products/AJ-SIDECOVER-SMART-OYS/AJ-SIDECOVER-SMART-OYS.png
AJ-SIDECOVER-SMART-W;AJAX;22.38;Tapa lateral para enchufe inteligente tipo F - Compatible con AJ-OUTLETCORE-SMART - Indicador LED sobre estado del enchufe y consumo - Botón táctil para control manual - Retroalimentación LED - Color blanco;https://d1x12lhh8s9nlj.cloudfront.net/images/productos/products/AJ-SIDECOVER-SMART-W/AJ-SIDECOVER-SMART-W.png
AJ-SIDECOVER-W;AJAX;13.08;Tapa lateral para enchufe básico tipo F - Compatible con AJ-OUTLETCORE-BASIC - Protección contra polvo, salpicaduras, objetos - Sin monitorizacion de consumo - Sin control remoto - Color blanco;https://d1x12lhh8s9nlj.cloudfront.net/images/productos/products/AJ-SIDECOVER-W/AJ-SIDECOVER-W.png
AJ-SIM;AJAX;0;Tarjeta SIM Ajax - GlobalSIM Multioperador - 2G/3G/4G (LTE) - Tarifa plana de datos - Compatible únicamente con paneles Ajax Hub - Selección automática de la red más potente;https://d1x12lhh8s9nlj.cloudfront.net/images/productos/products/AJ-SIM/AJ-SIM.png
AJ-SIMSLOT;AJAX;6;Ranura SIM - Compatible con: AJ-HUB-W/B, AJ-HUBPLUS-W/B - AJ-HUB2-W/B, AJ-HUB2PLUS-W/B;https://d1x12lhh8s9nlj.cloudfront.net/images/productos/products/AJ-SIMSLOT/AJ-SIMSLOT.png
AJ-SMALLMAGNET-B;AJAX;5.94;Imán pequeño - AJ-DOORPROTECT-B y AJ-DOORPROTECTPLUS-B - Instalación sencilla - Plástico ABS - Color negro;https://d1x12lhh8s9nlj.cloudfront.net/images/productos/products/AJ-SMALLMAGNET-B/AJ-SMALLMAGNET-B.png
AJ-SOCKET-B;AJAX;94.76;Enchufe inteligente con control remoto - Inalámbrico 868 MHz Jeweller - Antena interna alcance 1000 m - 230 VAC 50 Hz / Hasta 2.5 kW (11 A) - Medidor de consumo - Color negro;https://d1x12lhh8s9nlj.cloudfront.net/images/productos/products/AJ-SOCKET-B/AJ-SOCKET-B.png
AJ-SOCKET-G-W;AJAX;87.3;Enchufe inteligente tipo G con control remoto - Inalámbrico 868 MHz Jeweller - Antena interna alcance 1100 m - 230 VAC 50 Hz / Hasta 3 kW (13 A) - Medidor de consumo - Color blanco;https://d1x12lhh8s9nlj.cloudfront.net/images/productos/products/AJ-SOCKET-G-W/AJ-SOCKET-G-W.png
AJ-SOCKET-W;AJAX;94.76;Enchufe inteligente con control remoto - Inalámbrico 868 MHz Jeweller - Antena interna alcance 1000 m - 230 VAC 50 Hz / Hasta 2.5 kW (11 A) - Medidor de consumo - Color blanco;https://d1x12lhh8s9nlj.cloudfront.net/images/productos/products/AJ-SOCKET-W/AJ-SOCKET-W.png
AJ-SOLOBUTTON-1G2W-B;AJAX;12.18;Panel táctil para un interruptor de luz - Compatible AJ-LIGHTCORE-1G / -2W - Retroiluminación LED - Panel táctil sin contacto - Color negro - Ajax - LightSwitch SoloButton;https://d1x12lhh8s9nlj.cloudfront.net/images/productos/products/AJ-SOLOBUTTON-1G2W-B/AJ-SOLOBUTTON-1G2W-B.png
AJ-SOLOBUTTON-1G2W-FOG;AJAX;12.18;Panel táctil para un interruptor de luz - Compatible AJ-LIGHTCORE-1G / -2W - Retroiluminación LED - Panel táctil sin contacto - Color niebla - Ajax - LightSwitch SoloButton;https://d1x12lhh8s9nlj.cloudfront.net/images/productos/products/AJ-SOLOBUTTON-1G2W-FOG/AJ-SOLOBUTTON-1G2W-FOG.png
AJ-SOLOBUTTON-1G2W-GRA;AJAX;12.18;Panel táctil para un interruptor de luz - Compatible AJ-LIGHTCORE-1G / -2W - Retroiluminación LED - Panel táctil sin contacto - Color grafito - Ajax - LightSwitch SoloButton;https://d1x12lhh8s9nlj.cloudfront.net/images/productos/products/AJ-SOLOBUTTON-1G2W-GRA/AJ-SOLOBUTTON-1G2W-GRA.png
AJ-SOLOBUTTON-1G2W-GRE;AJAX;12.18;Panel táctil para un interruptor de luz - Compatible AJ-LIGHTCORE-1G / -2W - Retroiluminación LED - Panel táctil sin contacto - Color gris - Ajax - LightSwitch SoloButton;https://d1x12lhh8s9nlj.cloudfront.net/images/productos/products/AJ-SOLOBUTTON-1G2W-GRE/AJ-SOLOBUTTON-1G2W-GRE.png
AJ-SOLOBUTTON-1G2W-IVO;AJAX;12.18;Panel táctil para un interruptor de luz - Compatible AJ-LIGHTCORE-1G / -2W - Retroiluminación LED - Panel táctil sin contacto - Color marfil - Ajax - LightSwitch SoloButton;https://d1x12lhh8s9nlj.cloudfront.net/images/productos/products/AJ-SOLOBUTTON-1G2W-IVO/AJ-SOLOBUTTON-1G2W-IVO.png
AJ-SOLOBUTTON-1G2W-OLI;AJAX;12.18;Panel táctil para un interruptor de luz - Compatible AJ-LIGHTCORE-1G / -2W - Retroiluminación LED - Panel táctil sin contacto - Color oliva - Ajax - LightSwitch SoloButton;https://d1x12lhh8s9nlj.cloudfront.net/images/productos/products/AJ-SOLOBUTTON-1G2W-OLI/AJ-SOLOBUTTON-1G2W-OLI.png
AJ-SOLOBUTTON-1G2W-OYS;AJAX;12.18;Panel táctil para un interruptor de luz - Compatible AJ-LIGHTCORE-1G / -2W - Retroiluminación LED - Panel táctil sin contacto - Color ostra - Ajax - LightSwitch SoloButton;https://d1x12lhh8s9nlj.cloudfront.net/images/productos/products/AJ-SOLOBUTTON-1G2W-OYS/AJ-SOLOBUTTON-1G2W-OYS.png
AJ-SOLOBUTTON-1G2W-W;AJAX;12.18;Panel táctil para interruptor de luz - Compatible con AJ-LIGHTCORE-1G / -2W - Retroiluminación LED - Panel táctil sin contacto - Color blanco - Ajax - LightSwitch SoloButton;https://d1x12lhh8s9nlj.cloudfront.net/images/productos/products/AJ-SOLOBUTTON-1G2W-W/AJ-SOLOBUTTON-1G2W-W.png
AJ-SOLOBUTTON-2G-B;AJAX;13.74;Panel táctil para interruptor de luz doble - Compatibilidad con AJ-LIGHTCORE-2G - Retroiluminación LED - Panel táctil sin contacto - Color negro - Ajax - LightSwitch SoloButton;https://d1x12lhh8s9nlj.cloudfront.net/images/productos/products/AJ-SOLOBUTTON-2G-B/AJ-SOLOBUTTON-2G-B.png
AJ-SOLOBUTTON-2G-FOG;AJAX;13.74;Panel táctil para interruptor de luz doble - Compatibilidad con AJ-LIGHTCORE-2G - Retroiluminación LED - Panel táctil sin contacto - Color niebla - Ajax - LightSwitch SoloButton;https://d1x12lhh8s9nlj.cloudfront.net/images/productos/products/AJ-SOLOBUTTON-2G-FOG/AJ-SOLOBUTTON-2G-FOG.png
AJ-SOLOBUTTON-2G-GRA;AJAX;13.74;Panel táctil para interruptor de luz doble - Compatibilidad con AJ-LIGHTCORE-2G - Retroiluminación LED - Panel táctil sin contacto - Color grafito - Ajax - LightSwitch SoloButton;https://d1x12lhh8s9nlj.cloudfront.net/images/productos/products/AJ-SOLOBUTTON-2G-GRA/AJ-SOLOBUTTON-2G-GRA.png
AJ-SOLOBUTTON-2G-GRE;AJAX;13.74;Panel táctil para interruptor de luz doble - Compatibilidad con AJ-LIGHTCORE-2G - Retroiluminación LED - Panel táctil sin contacto - Color gris - Ajax - LightSwitch SoloButton;https://d1x12lhh8s9nlj.cloudfront.net/images/productos/products/AJ-SOLOBUTTON-2G-GRE/AJ-SOLOBUTTON-2G-GRE.png
AJ-SOLOBUTTON-2G-IVO;AJAX;13.74;Panel táctil para interruptor de luz doble - Compatibilidad con AJ-LIGHTCORE-2G - Retroiluminación LED - Panel táctil sin contacto - Color marfil - Ajax - LightSwitch SoloButton;https://d1x12lhh8s9nlj.cloudfront.net/images/productos/products/AJ-SOLOBUTTON-2G-IVO/AJ-SOLOBUTTON-2G-IVO.png
AJ-SOLOBUTTON-2G-OLI;AJAX;13.74;Panel táctil para interruptor de luz doble - Compatibilidad con AJ-LIGHTCORE-2G - Retroiluminación LED - Panel táctil sin contacto - Color oliva - Ajax - LightSwitch SoloButton;https://d1x12lhh8s9nlj.cloudfront.net/images/productos/products/AJ-SOLOBUTTON-2G-OLI/AJ-SOLOBUTTON-2G-OLI.png
AJ-SOLOBUTTON-2G-OYS;AJAX;13.74;Panel táctil para interruptor de luz doble - Compatibilidad con AJ-LIGHTCORE-2G - Retroiluminación LED - Panel táctil sin contacto - Color ostra - Ajax - LightSwitch SoloButton;https://d1x12lhh8s9nlj.cloudfront.net/images/productos/products/AJ-SOLOBUTTON-2G-OYS/AJ-SOLOBUTTON-2G-OYS.png
AJ-SOLOBUTTON-2G-W;AJAX;13.74;Panel táctil para interruptor de luz doble - Compatibilidad con AJ-LIGHTCORE-2G - Retroiluminación LED - Panel táctil sin contacto - Color blanco - Ajax - LightSwitch SoloButton;https://d1x12lhh8s9nlj.cloudfront.net/images/productos/products/AJ-SOLOBUTTON-2G-W/AJ-SOLOBUTTON-2G-W.png
AJ-SOLOBUTTON-DIMMER-B;AJAX;48.78;Panel táctil para interruptor de luz regulable - Compatible con AJ-LIGHTCORE-DIMMER - Retroiluminación LED - Panel táctil sin contacto - Color negro - Ajax - LightSwitch SoloButton (Dimmer);https://d1x12lhh8s9nlj.cloudfront.net/images/productos/products/AJ-SOLOBUTTON-DIMMER-B/AJ-SOLOBUTTON-DIMMER-B.png
AJ-SOLOBUTTON-DIMMER-W;AJAX;48.78;Panel táctil para interruptor de luz regulable - Compatible con AJ-LIGHTCORE-DIMMER - Retroiluminación LED - Panel táctil sin contacto - Color blanco - Ajax - LightSwitch SoloButton (Dimmer);https://d1x12lhh8s9nlj.cloudfront.net/images/productos/products/AJ-SOLOBUTTON-DIMMER-W/AJ-SOLOBUTTON-DIMMER-W.png
AJ-SOLOCOVER-B;AJAX;14.5;Tapa para enchufe básico tipo F - Compatible con AJ-OUTLETCORE-BASIC - Protección contra polvo, salpicaduras, objetos - Sin monitorizacion de consumo - Sin control remoto - Color negro;https://d1x12lhh8s9nlj.cloudfront.net/images/productos/products/AJ-SOLOCOVER-B/AJ-SOLOCOVER-B.png
AJ-SOLOCOVER-CP-W;AJAX;8.32;Tapa de la caja de montaje - Necesita AJ-COVERHOLDER-COVERPLATE - Combinable con interruptores y enchufes Ajax - Color blanco - Ajax - SoloCover (CP);https://d1x12lhh8s9nlj.cloudfront.net/images/productos/products/AJ-SOLOCOVER-CP-W/AJ-SOLOCOVER-CP-W.png
AJ-SOLOCOVER-FOG;AJAX;14.5;Tapa para enchufe básico tipo F - Compatible con AJ-OUTLETCORE-BASIC - Protección contra polvo, salpicaduras, objetos - Sin monitorizacion de consumo - Sin control remoto - Color niebla;https://d1x12lhh8s9nlj.cloudfront.net/images/productos/products/AJ-SOLOCOVER-FOG/AJ-SOLOCOVER-FOG.png
AJ-SOLOCOVER-GRA;AJAX;14.5;Tapa para enchufe básico tipo F - Compatible con AJ-OUTLETCORE-BASIC - Protección contra polvo, salpicaduras, objetos - Sin monitorizacion de consumo - Sin control remoto - Color grafito;https://d1x12lhh8s9nlj.cloudfront.net/images/productos/products/AJ-SOLOCOVER-GRA/AJ-SOLOCOVER-GRA.png
AJ-SOLOCOVER-GRE;AJAX;14.5;Tapa para enchufe básico tipo F - Compatible con AJ-OUTLETCORE-BASIC - Protección contra polvo, salpicaduras, objetos - Sin monitorizacion de consumo - Sin control remoto - Color gris;https://d1x12lhh8s9nlj.cloudfront.net/images/productos/products/AJ-SOLOCOVER-GRE/AJ-SOLOCOVER-GRE.png
AJ-SOLOCOVER-IVO;AJAX;14.5;Tapa para enchufe básico tipo F - Compatible con AJ-OUTLETCORE-BASIC - Protección contra polvo, salpicaduras, objetos - Sin monitorizacion de consumo - Sin control remoto - Color marfil;https://d1x12lhh8s9nlj.cloudfront.net/images/productos/products/AJ-SOLOCOVER-IVO/AJ-SOLOCOVER-IVO.png
AJ-SOLOCOVER-LAN-B;AJAX;9.08;Tapa lateral para enchufe Ethernet - Compatible con AJ-OUTLETCORE-LAN-B - Incluye marco individual - Color negro;https://d1x12lhh8s9nlj.cloudfront.net/images/productos/products/AJ-SOLOCOVER-LAN-B/AJ-SOLOCOVER-LAN-B.png
AJ-SOLOCOVER-LAN-W;AJAX;9.08;Tapa lateral para enchufe Ethernet - Compatible con AJ-OUTLETCORE-LAN-W - Incluye marco individual - Color blanco;https://d1x12lhh8s9nlj.cloudfront.net/images/productos/products/AJ-SOLOCOVER-LAN-W/AJ-SOLOCOVER-LAN-W.png
AJ-SOLOCOVER-OLI;AJAX;14.5;Tapa para enchufe básico tipo F - Compatible con AJ-OUTLETCORE-BASIC - Protección contra polvo, salpicaduras, objetos - Sin monitorizacion de consumo - Sin control remoto - Color oliva;https://d1x12lhh8s9nlj.cloudfront.net/images/productos/products/AJ-SOLOCOVER-OLI/AJ-SOLOCOVER-OLI.png
AJ-SOLOCOVER-OYS;AJAX;14.5;Tapa para enchufe básico tipo F - Compatible con AJ-OUTLETCORE-BASIC - Protección contra polvo, salpicaduras, objetos - Sin monitorizacion de consumo - Sin control remoto - Color ostra;https://d1x12lhh8s9nlj.cloudfront.net/images/productos/products/AJ-SOLOCOVER-OYS/AJ-SOLOCOVER-OYS.png
AJ-SOLOCOVER-SMART-B;AJAX;23.66;Tapa frontal para enchufe inteligente tipo F - Compatible con AJ-OUTLETCORE-SMART - Indicador LED sobre estado del enchufe y consumo - Botón táctil para control manual - Retroalimentación LED - Color negro;https://d1x12lhh8s9nlj.cloudfront.net/images/productos/products/AJ-SOLOCOVER-SMART-B/AJ-SOLOCOVER-SMART-B.png
AJ-SOLOCOVER-SMART-FOG;AJAX;23.66;Tapa frontal para enchufe inteligente tipo F - Compatible con AJ-OUTLETCORE-SMART - Indicador LED sobre estado del enchufe y consumo - Botón táctil para control manual - Retroalimentación LED - Color niebla;https://d1x12lhh8s9nlj.cloudfront.net/images/productos/products/AJ-SOLOCOVER-SMART-FOG/AJ-SOLOCOVER-SMART-FOG.png
AJ-SOLOCOVER-SMART-GRA;AJAX;23.66;Tapa frontal para enchufe inteligente tipo F - Compatible con AJ-OUTLETCORE-SMART - Indicador LED sobre estado del enchufe y consumo - Botón táctil para control manual - Retroalimentación LED - Color grafito;https://d1x12lhh8s9nlj.cloudfront.net/images/productos/products/AJ-SOLOCOVER-SMART-GRA/AJ-SOLOCOVER-SMART-GRA.png
AJ-SOLOCOVER-SMART-GRE;AJAX;23.66;Tapa frontal para enchufe inteligente tipo F - Compatible con AJ-OUTLETCORE-SMART - Indicador LED sobre estado del enchufe y consumo - Botón táctil para control manual - Retroalimentación LED - Color gris;https://d1x12lhh8s9nlj.cloudfront.net/images/productos/products/AJ-SOLOCOVER-SMART-GRE/AJ-SOLOCOVER-SMART-GRE.png
AJ-SOLOCOVER-SMART-IVO;AJAX;23.66;Tapa frontal para enchufe inteligente tipo F - Compatible con AJ-OUTLETCORE-SMART - Indicador LED sobre estado del enchufe y consumo - Botón táctil para control manual - Retroalimentación LED - Color marfil;https://d1x12lhh8s9nlj.cloudfront.net/images/productos/products/AJ-SOLOCOVER-SMART-IVO/AJ-SOLOCOVER-SMART-IVO.png
AJ-SOLOCOVER-SMART-OLI;AJAX;23.66;Tapa frontal para enchufe inteligente tipo F - Compatible con AJ-OUTLETCORE-SMART - Indicador LED sobre estado del enchufe y consumo - Botón táctil para control manual - Retroalimentación LED - Color oliva;https://d1x12lhh8s9nlj.cloudfront.net/images/productos/products/AJ-SOLOCOVER-SMART-OLI/AJ-SOLOCOVER-SMART-OLI.png
AJ-SOLOCOVER-SMART-OYS;AJAX;22.96;Tapa frontal para enchufe inteligente tipo F - Compatible con AJ-OUTLETCORE-SMART - Indicador LED sobre estado del enchufe y consumo - Botón táctil para control manual - Retroalimentación LED - Color ostra;https://d1x12lhh8s9nlj.cloudfront.net/images/productos/products/AJ-SOLOCOVER-SMART-OYS/AJ-SOLOCOVER-SMART-OYS.png
AJ-SOLOCOVER-SMART-W;AJAX;23.66;Tapa frontal para enchufe inteligente tipo F - Compatible con AJ-OUTLETCORE-SMART - Indicador LED sobre estado del enchufe y consumo - Botón táctil para control manual - Retroalimentación LED - Color blanco;https://d1x12lhh8s9nlj.cloudfront.net/images/productos/products/AJ-SOLOCOVER-SMART-W/AJ-SOLOCOVER-SMART-W.png
AJ-SOLOCOVER-W;AJAX;14.5;Tapa para enchufe básico tipo F - Compatible con AJ-OUTLETCORE-BASIC - Protección contra polvo, salpicaduras, objetos - Sin monitorizacion de consumo - Sin control remoto - Color blanco;https://d1x12lhh8s9nlj.cloudfront.net/images/productos/products/AJ-SOLOCOVER-W/AJ-SOLOCOVER-W.png
AJ-SPACECONTROL-B;AJAX;38.76;Mando a distancia - Grado 2 - Inalámbrico 868 MHz Jeweller - Armado, desarmado, parcial y pánico - Bidireccional - Alimentación 1 pila CR2032 3.0 V;https://d1x12lhh8s9nlj.cloudfront.net/images/productos/products/AJ-SPACECONTROL-B/AJ-SPACECONTROL-B.png
AJ-SPACECONTROL-B-DUMMY;AJAX;6;Carcasa para mando remoto - AJ-SPACECONTROL-B - Instalación sencilla - Plástico ABS - Color negro;https://d1x12lhh8s9nlj.cloudfront.net/images/productos/products/AJ-SPACECONTROL-B-DUMMY/AJ-SPACECONTROL-B-DUMMY.png
AJ-SPACECONTROL-W;AJAX;38.76;Mando a distancia - Grado 2 - Bidireccional - Inalámbrico 868 MHz Jeweller - Armado, desarmado, parcial y pánico - Alimentación 1 pila CR2032 3.0 V;https://d1x12lhh8s9nlj.cloudfront.net/images/productos/products/AJ-SPACECONTROL-W/AJ-SPACECONTROL-W.png
AJ-SPACECONTROL-W-DUMMY;AJAX;6;Carcasa para mando remoto - AJ-SPACECONTROL-W - Instalación sencilla - Plástico ABS - Color blanco;https://d1x12lhh8s9nlj.cloudfront.net/images/productos/products/AJ-SPACECONTROL-W-DUMMY/AJ-SPACECONTROL-W-DUMMY.png
AJ-SPEAKERPHONE-B;AJAX;222.24;Módulo de voz inalámbrico - Inalámbrico 868 MHz Jeweller - Presión sonora máxima 103 dB - Alimentación 4 pilas CR123A 3.0 V - Optimización de voz con IA - Soporte con tornillo de fijación;https://d1x12lhh8s9nlj.cloudfront.net/images/productos/products/AJ-SPEAKERPHONE-B/AJ-SPEAKERPHONE-B.png
AJ-SPEAKERPHONE-W;AJAX;222.24;Módulo de voz inalámbrico - Inalámbrico 868 MHz Jeweller - Presión sonora máxima 103 dB - Alimentación 4 pilas CR123A 3.0 V - Optimización de voz con IA - Soporte con tornillo de fijación;https://d1x12lhh8s9nlj.cloudfront.net/images/productos/products/AJ-SPEAKERPHONE-W/AJ-SPEAKERPHONE-W.png
AJ-SPEAKERSS-B;AJAX;24;Altavoz para sirena exterior - AJ-STREETSIREN-W/B y AJ-STREETSIRENCUSTOM-W/B - Color negro;https://d1x12lhh8s9nlj.cloudfront.net/images/productos/products/AJ-SPEAKERSS-B/AJ-SPEAKERSS-B.png
AJ-STARTERKIT-CAM-HDR-4G-W;AJAX;620;Kit de alarma profesional - Certificado Grado 2 - Comunicación Ethernet y dual SIM 4G (LTE) - Inalámbrico 868 MHz Jeweller y Wings - Ajax HUB 2, 1 PIRCAM HDR - 1 Contacto magnético y 1 mando;https://d1x12lhh8s9nlj.cloudfront.net/images/productos/products/AJ-STARTERKIT-CAM-HDR-4G-W/AJ-STARTERKIT-CAM-HDR-4G-W.png
AJ-STARTERKIT-CAM-HDR-W;AJAX;540.6;Kit de alarma profesional - Certificado Grado 2 - Comunicación Ethernet y dual SIM GPRS - Inalámbrico 868 MHz Jeweller y Wings - Ajax HUB 2, 1 PIRCAM HDR - 1 Contacto magnético y 1 mando;https://d1x12lhh8s9nlj.cloudfront.net/images/productos/products/AJ-STARTERKIT-CAM-HDR-W/AJ-STARTERKIT-CAM-HDR-W.png
AJ-STARTERKIT-CAM-MP-B;AJAX;558;Kit de alarma profesional - Certificado Grado 2 - Comunicación Ethernet y dual SIM GPRS - Inalámbrico 868 MHz Jeweller y Wings - Ajax Hub 2, 1 PIRCAM - 1 detector PIR y 1 mando;https://d1x12lhh8s9nlj.cloudfront.net/images/productos/products/AJ-STARTERKIT-CAM-MP-B/AJ-STARTERKIT-CAM-MP-B.png
AJ-STARTERKIT-CAM-MP-W;AJAX;558;Kit de alarma profesional - Certificado Grado 2 - Comunicación Ethernet y dual SIM GPRS - Inalámbrico 868 MHz Jeweller y Wings - Ajax Hub 2, 1 PIRCAM - 1 detector PIR y 1 mando;https://d1x12lhh8s9nlj.cloudfront.net/images/productos/products/AJ-STARTERKIT-CAM-MP-W/AJ-STARTERKIT-CAM-MP-W.png
AJ-STARTERKIT-CAM-W;AJAX;530;Kit de alarma profesional - Certificado Grado 2 - Comunicación Ethernet y dual SIM GPRS - Inalámbrico 868 MHz Jeweller y Wings - Ajax HUB 2, 1 PIRCAM - 1 Contacto magnético y 1 mando;https://d1x12lhh8s9nlj.cloudfront.net/images/productos/products/AJ-STARTERKIT-CAM-W/AJ-STARTERKIT-CAM-W.png
AJ-STARTERKITPLUS-CAM-HDR-W;AJAX;744.6;Kit de alarma profesional - Certificado Grado 2 - Comunicación Ethernet / Wi-Fi / dual SIM 4G - Inalámbrico 868 MHz Jeweller y Wings - Ajax HUB 2 Plus, 1 PIRCAM HDR - 1 Contacto magnético y 1 mando;https://d1x12lhh8s9nlj.cloudfront.net/images/productos/products/AJ-STARTERKITPLUS-CAM-HDR-W/AJ-STARTERKITPLUS-CAM-HDR-W.png
AJ-STORAGE-ECONOMY-30DAY;AJAX;0;Suscripción mensual para Ajax Cloud Storage - Plan Economy 30 Days - 1 Dispositivo - 30 días de almacenamiento de vídeo (1500 min) - Resolución de 1080p - 1 Foto por notificación - Compatible con las cámaras Ajax IndoorCam y de DoorBell;https://d1x12lhh8s9nlj.cloudfront.net/images/productos/products/AJ-STORAGE-ECONOMY-30DAY/AJ-STORAGE-ECONOMY-30DAY.png
AJ-STORAGE-ECONOMY-30DAY-4CAM;AJAX;0;Suscripción mensual para Ajax Cloud Storage - Plan Economy 30 Days - 4 Dispositivos - 30 días de almacenamiento de vídeo (1500 min) - Resolución de 1080p - 1 Foto por notificación - Compatible con las cámaras Ajax IndoorCam y de DoorBell;https://d1x12lhh8s9nlj.cloudfront.net/images/productos/products/AJ-STORAGE-ECONOMY-30DAY-4CAM/AJ-STORAGE-ECONOMY-30DAY-4CAM.png
AJ-STORAGE-ECONOMY-7DAY;AJAX;0;Suscripción mensual para Ajax Cloud Storage - Plan Economy 7 Days - 1 Dispositivo - 7 días de almacenamiento de vídeo (600 minutos) - Resolución de 1080p - 1 Foto por notificación - Compatible con las cámaras Ajax IndoorCam y de DoorBell;https://d1x12lhh8s9nlj.cloudfront.net/images/productos/products/AJ-STORAGE-ECONOMY-7DAY/AJ-STORAGE-ECONOMY-7DAY.png
AJ-STORAGE-ECONOMY-7DAY-4CAM;AJAX;0;Suscripción mensual para Ajax Cloud Storage - Plan Economy 7 Days - 1 Dispositivo - 7 días de almacenamiento de vídeo (600 minutos) - Resolución de 1080p - 1 Foto por notificación - Compatible con las cámaras Ajax IndoorCam y de DoorBell;https://d1x12lhh8s9nlj.cloudfront.net/images/productos/products/AJ-STORAGE-ECONOMY-7DAY-4CAM/AJ-STORAGE-ECONOMY-7DAY-4CAM.png
AJ-STORAGE-PREMIUM-30DAY;AJAX;0;Suscripción mensual para Ajax Cloud Storage - Plan Premium 30 Days - 1 Dispositivo - 30 días de almacenamiento de vídeo (1500 min) - Resolución 2K - 5 Fotos GIF por notificación - Compatible con las cámaras Ajax IndoorCam y de DoorBell;https://d1x12lhh8s9nlj.cloudfront.net/images/productos/products/AJ-STORAGE-PREMIUM-30DAY/AJ-STORAGE-PREMIUM-30DAY.png
AJ-STORAGE-PREMIUM-30DAY-4CAM;AJAX;0;Suscripción mensual para Ajax Cloud Storage - Plan Premium 30 Days - 4 Dispositivos - 30 días de almacenamiento de vídeo (1500 min) - Resolución 2K - 5 Fotos GIF por notificación - Compatible con las cámaras Ajax IndoorCam y de DoorBell;https://d1x12lhh8s9nlj.cloudfront.net/images/productos/products/AJ-STORAGE-PREMIUM-30DAY-4CAM/AJ-STORAGE-PREMIUM-30DAY-4CAM.png
AJ-STORAGE-PREMIUM-7DAY;AJAX;0;Suscripción mensual para Ajax Cloud Storage - Plan Standard 7 Days - 1 Dispositivo - 7 días de almacenamiento de vídeo (600 minutos) - Resolución 2K - 5 Fotos GIF por notificación - Compatible con las cámaras Ajax IndoorCam y de DoorBell;https://d1x12lhh8s9nlj.cloudfront.net/images/productos/products/AJ-STORAGE-PREMIUM-7DAY/AJ-STORAGE-PREMIUM-7DAY.png
AJ-STORAGE-PREMIUM-7DAY-4CAM;AJAX;0;Suscripción mensual para Ajax Cloud Storage - Plan Standard 7 Days - 4 Dispositivos - 7 días de almacenamiento de vídeo (600 minutos) - Resolución 2K - 5 Fotos GIF por notificación - Compatible con las cámaras Ajax IndoorCam y de DoorBell;https://d1x12lhh8s9nlj.cloudfront.net/images/productos/products/AJ-STORAGE-PREMIUM-7DAY-4CAM/AJ-STORAGE-PREMIUM-7DAY-4CAM.png
AJ-STORAGE-STANDARD-30DAY;AJAX;0;Suscripción mensual para Ajax Cloud Storage - Plan Standard 30 Days - 1 Dispositivo - 30 días de almacenamiento de vídeo (1500 min) - Resolución 2K - 3 Fotos GIF por notificación - Compatible con las cámaras Ajax IndoorCam y de DoorBell;https://d1x12lhh8s9nlj.cloudfront.net/images/productos/products/AJ-STORAGE-STANDARD-30DAY/AJ-STORAGE-STANDARD-30DAY.png
AJ-STORAGE-STANDARD-30DAY-4CAM;AJAX;0;Suscripción mensual para Ajax Cloud Storage - Plan Standard 30 Days - 4 Dispositivos - 30 días de almacenamiento de vídeo (1500 min) - Resolución 2K - 3 Fotos GIF por notificación - Compatible con las cámaras Ajax IndoorCam y de DoorBell;https://d1x12lhh8s9nlj.cloudfront.net/images/productos/products/AJ-STORAGE-STANDARD-30DAY-4CAM/AJ-STORAGE-STANDARD-30DAY-4CAM.png
AJ-STORAGE-STANDARD-7DAY;AJAX;0;Suscripción mensual para Ajax Cloud Storage - Plan Standard 7 Days - 1 Dispositivo - 7 días de almacenamiento de vídeo (600 minutos) - Resolución 2K - 3 Fotos GIF por notificación - Compatible con las cámaras Ajax IndoorCam y de DoorBell;https://d1x12lhh8s9nlj.cloudfront.net/images/productos/products/AJ-STORAGE-STANDARD-7DAY/AJ-STORAGE-STANDARD-7DAY.png
AJ-STORAGE-STANDARD-7DAY-4CAM;AJAX;0;Suscripción mensual para Ajax Cloud Storage - Plan Standard 7 Days - 4 Dispositivo - 7 días de almacenamiento de vídeo (600 minutos) - Resolución 2K - 3 Fotos GIF por notificación - Compatible con las cámaras Ajax IndoorCam y de DoorBell;https://d1x12lhh8s9nlj.cloudfront.net/images/productos/products/AJ-STORAGE-STANDARD-7DAY-4CAM/AJ-STORAGE-STANDARD-7DAY-4CAM.png
AJ-STOTEM-W;AJAX;1000;Expositor Demo de sobremesa - Kit de alarma profesional Ajax - Comunicación Ethernet y GPRS - Inalámbrico 868 MHz Jeweller - Hasta 100 dispositivos inalámbricos - App Móvil y Software PC;https://d1x12lhh8s9nlj.cloudfront.net/images/productos/products/AJ-STOTEM-W/AJ-STOTEM-W.png
AJ-STREETSIREN-B;AJAX;155.04;Sirena para exterior - Certificado grado 2 - Inalámbrico 868 MHz Jeweller - Presión sonora máxima 113 dB - LED señalización - Alimentación 12 VDC/ 4 pilas CR123A 3.0 V;https://d1x12lhh8s9nlj.cloudfront.net/images/productos/products/AJ-STREETSIREN-B/AJ-STREETSIREN-B.png
AJ-STREETSIREN-W;AJAX;155.04;Sirena para exterior - Certificado grado 2 - Inalámbrico 868 MHz Jeweller - Presión sonora máxima 113 dB - LED señalización - Alimentación 12 VDC/ 4 pilas CR123A 3.0 V;https://d1x12lhh8s9nlj.cloudfront.net/images/productos/products/AJ-STREETSIREN-W/AJ-STREETSIREN-W.png
AJ-STREETSIREN-W-DUMMY;AJAX;56.6;Carcasa para sirena exterior - AJ-STREETSIREN-W - Instalación sencilla - Incluye SmartBracket - Plástico ABS - Color blanco;https://d1x12lhh8s9nlj.cloudfront.net/images/productos/products/AJ-STREETSIREN-W-DUMMY/AJ-STREETSIREN-W-DUMMY.png
AJ-STREETSIRENCUSTOM-B;AJAX;155.04;Sirena exterior con cubierta personalizable - Inalámbrico 868 MHz Jeweller - Presión sonora máxima 113 dB - LED señalización - Alimentación 12 VDC / 4 pilas CR123A 3.0 V - No incluye cubiertas 10XAJ-BRANDPLATES-B;https://d1x12lhh8s9nlj.cloudfront.net/images/productos/products/AJ-STREETSIRENCUSTOM-B/AJ-STREETSIRENCUSTOM-B.png
AJ-STREETSIRENCUSTOM-W;AJAX;155.04;Sirena exterior con cubierta personalizable - Inalámbrico 868 MHz Jeweller - Presión sonora máxima 113 dB - LED señalización - Alimentación 12 VDC / 4 pilas CR123A 3.0 V - No incluye cubiertas 10XAJ-BRANDPLATES-W;https://d1x12lhh8s9nlj.cloudfront.net/images/productos/products/AJ-STREETSIRENCUSTOM-W/AJ-STREETSIRENCUSTOM-W.png
AJ-STREETSIRENCUSTOMS-W-DUMMY;AJAX;60;Carcasa para sirena - AJ-STREETSIRENCUSTOM-W - Instalación sencilla - Incluye SmartBracket - Plástico ABS - Color blanco;https://d1x12lhh8s9nlj.cloudfront.net/images/productos/products/AJ-STREETSIRENCUSTOMS-W-DUMMY/AJ-STREETSIRENCUSTOMS-W-DUMMY.png
AJ-SUITCASE-INTRUSION-BMC-003;AJAX;272.72;Maletín demo Intrusión Modelo 2 - Fabricado en aluminio y ABS - Espuma interior de alta calidad - Sin productos - Dimensiones: 538 (An) x 410 (Al) x 130 (Fo) mm;https://d1x12lhh8s9nlj.cloudfront.net/images/productos/products/AJ-SUITCASE-INTRUSION-BMC-003/AJ-SUITCASE-INTRUSION-BMC-003.png
AJ-SUITCASE-VIDEO-BMC-005;AJAX;272.72;Maletín demo CCTV - Fabricado en aluminio y ABS - Espuma interior de alta calidad - Sin productos - Dimensiones: 460 (An) x 350 (Al) x 120 (Fo) mm;https://d1x12lhh8s9nlj.cloudfront.net/images/productos/products/AJ-SUITCASE-VIDEO-BMC-005/AJ-SUITCASE-VIDEO-BMC-005.png
AJ-SURFACEBOX-W;AJAX;18.4;Caja de montaje para un dispositivo - Uso interiores - Compatible con AJ-SOLOBUTTON o AJ-SOLOCOVER - Factor de forma europeo 55 - Colo blanco;https://d1x12lhh8s9nlj.cloudfront.net/images/productos/products/AJ-SURFACEBOX-W/AJ-SURFACEBOX-W.png
AJ-TRANSMITTER;AJAX;61.2;Transmisor vía radio - Grado 2 - Inalámbrico 868 MHz Jeweller - Entrada cableada de alarma y tamper - Tamper anti-apertura (acelerómetro) - Salida de alimentación 3.3 V - Alcance espacio abierto 1600 m;https://d1x12lhh8s9nlj.cloudfront.net/images/productos/products/AJ-TRANSMITTER/AJ-TRANSMITTER.png
AJ-TSHIRT-2XL;AJAX;50;Camiseta talla 2XL - Color negro;https://d1x12lhh8s9nlj.cloudfront.net/images/productos/products/AJ-TSHIRT-2XL/AJ-TSHIRT-2XL.png
AJ-TSHIRT-L;AJAX;50;Camiseta talla L - Color negro;https://d1x12lhh8s9nlj.cloudfront.net/images/productos/products/AJ-TSHIRT-L/AJ-TSHIRT-L.png
AJ-TSHIRT-M;AJAX;50;Camiseta talla M - Color negro;https://d1x12lhh8s9nlj.cloudfront.net/images/productos/products/AJ-TSHIRT-M/AJ-TSHIRT-M.png
AJ-TSHIRT-S;AJAX;50;Camiseta talla S - Color negro;https://d1x12lhh8s9nlj.cloudfront.net/images/productos/products/AJ-TSHIRT-S/AJ-TSHIRT-S.png
AJ-TSHIRT-XL;AJAX;23;Camiseta talla XL - Color negro;https://d1x12lhh8s9nlj.cloudfront.net/images/productos/products/AJ-TSHIRT-XL/AJ-TSHIRT-XL.png
AJ-TURRETCAM-4-HLVF-S-B;AJAX;482.46;"Cámara IP Superior Turret 4 Megapíxel Ajax - 1/1.8"" Progressive Scan CMOS - Lente varifocal motorizada 2.8~12 mm - IR 60 m | Luz blanca 40 m | PoE 802.3at/af - 120 dB TrueWDR | Detección de movimiento | IA - MicroSD hasta 256GB | Color Negro";https://d1x12lhh8s9nlj.cloudfront.net/images/productos/products/AJ-TURRETCAM-4-HLVF-S-B/AJ-TURRETCAM-4-HLVF-S-B.png
AJ-TURRETCAM-4-HLVF-S-W;AJAX;482.46;"Cámara IP Superior Turret 4 Megapíxel Ajax - 1/1.8"" Progressive Scan CMOS - Lente varifocal motorizada 2.8~12 mm - IR 60 m | Luz blanca 40 m | PoE 802.3at/af - 120 dB TrueWDR | Detección de movimiento | IA - MicroSD hasta 256GB | Color Blanco";https://d1x12lhh8s9nlj.cloudfront.net/images/productos/products/AJ-TURRETCAM-4-HLVF-S-W/AJ-TURRETCAM-4-HLVF-S-W.png
AJ-TURRETCAM-5-0400-B;AJAX;245.6;Cámara IP Turret 5 Megapixel Ajax - Progressive Scan CMOS - Lente 4 mm, Ranura MicroSD hasta 256GB - IR LEDs Alcance 50m, PoE 802.3at - Con Inteligencia Artificial - Color Negro;https://d1x12lhh8s9nlj.cloudfront.net/images/productos/products/AJ-TURRETCAM-5-0400-B/AJ-TURRETCAM-5-0400-B.png
AJ-TURRETCAM-5-0400-HL-B;AJAX;254.92;"Cámara IP Turret 5 Megapixel Ajax - 1/2.7"" Progressive Scan CMOS - Lente 4 mm | Ranura MicroSD hasta 256GB - IR 50m | Luz Blanca 50 m | PoE 802.3at - Con Inteligencia Artificial - Color negro";https://d1x12lhh8s9nlj.cloudfront.net/images/productos/products/AJ-TURRETCAM-5-0400-HL-B/AJ-TURRETCAM-5-0400-HL-B.png
AJ-TURRETCAM-5-0400-HL-W;AJAX;254.92;"Cámara IP Turret 5 Megapixel Ajax - 1/2.7"" Progressive Scan CMOS - Lente 4 mm | Ranura MicroSD hasta 256GB - IR 50m | Luz Blanca 50 m | PoE 802.3at - Con Inteligencia Artificial - Color blanco";https://d1x12lhh8s9nlj.cloudfront.net/images/productos/products/AJ-TURRETCAM-5-0400-HL-W/AJ-TURRETCAM-5-0400-HL-W.png
AJ-TURRETCAM-5-0400-W;AJAX;245.6;Cámara IP Turret 5 Megapixel Ajax - Progressive Scan CMOS - Lente 4 mm, Ranura MicroSD hasta 256GB - IR LEDs Alcance 50m, PoE 802.3at - Con Inteligencia Artificial - Color blanco;https://d1x12lhh8s9nlj.cloudfront.net/images/productos/products/AJ-TURRETCAM-5-0400-W/AJ-TURRETCAM-5-0400-W.png
AJ-TURRETCAM-5-B;AJAX;245.6;Cámara IP Turret 5 Megapixel Ajax - Progressive Scan CMOS - Lente 2.8 mm, Ranura MicroSD hasta 256GB - IR LEDs Alcance 50m, PoE 802.3at - Con Inteligencia Artificial - Color Negro;https://d1x12lhh8s9nlj.cloudfront.net/images/productos/products/AJ-TURRETCAM-5-B/AJ-TURRETCAM-5-B.png
AJ-TURRETCAM-5-HL-B;AJAX;254.92;"Cámara IP Turret 5 Megapixel Ajax - 1/2.8"" Progressive Scan CMOS - Lente 2.8 mm, Ranura MicroSD hasta 256GB - IR 50m | Luz Blanca 50 m | PoE 802.3at - Con Inteligencia Artificial - Color negro";https://d1x12lhh8s9nlj.cloudfront.net/images/productos/products/AJ-TURRETCAM-5-HL-B/AJ-TURRETCAM-5-HL-B.png
AJ-TURRETCAM-5-HL-W;AJAX;254.92;"Cámara IP Turret 5 Megapixel Ajax - 1/2.8"" Progressive Scan CMOS - Lente 2.8 mm, Ranura MicroSD hasta 256GB - IR 50m | Luz Blanca 50 m | PoE 802.3at - Con Inteligencia Artificial - Color blanco";https://d1x12lhh8s9nlj.cloudfront.net/images/productos/products/AJ-TURRETCAM-5-HL-W/AJ-TURRETCAM-5-HL-W.png
AJ-TURRETCAM-5-HLVF-B;AJAX;348.44;"Cámara IP Turret 5 Megapíxel Ajax - 1/2.7"" Progressive Scan CMOS - Lente varifocal motorizada 2.8~12 mm - IR 60 m | Luz blanca 40 m | PoE 802.3at/af - 120 dB TrueWDR | Detección de movimiento | IA - MicroSD hasta 256GB | Color Negro";https://d1x12lhh8s9nlj.cloudfront.net/images/productos/products/AJ-TURRETCAM-5-HLVF-B/AJ-TURRETCAM-5-HLVF-B.png
AJ-TURRETCAM-5-HLVF-W;AJAX;348.44;"Cámara IP Turret 5 Megapíxel Ajax - 1/2.7"" Progressive Scan CMOS - Lente varifocal motorizada 2.8~12 mm - IR 60 m | Luz blanca 40 m | PoE 802.3at/af - 120 dB TrueWDR | Detección de movimiento | IA - MicroSD hasta 256GB | Color Blanco";https://d1x12lhh8s9nlj.cloudfront.net/images/productos/products/AJ-TURRETCAM-5-HLVF-W/AJ-TURRETCAM-5-HLVF-W.png
AJ-TURRETCAM-5-W;AJAX;245.6;Cámara IP Turret 5 Megapixel Ajax - Progressive Scan CMOS - Lente 2.8 mm, Ranura MicroSD hasta 256GB - IR LEDs Alcance 50m, PoE 802.3at - Con Inteligencia Artificial - Color blanco;https://d1x12lhh8s9nlj.cloudfront.net/images/productos/products/AJ-TURRETCAM-5-W/AJ-TURRETCAM-5-W.png
AJ-TURRETCAM-8-0400-B;AJAX;327.5;Cámara IP Turret 8 Megapixel Ajax - Progressive Scan CMOS - Lente 4 mm, Ranura MicroSD hasta 256GB - IR LEDs Alcance 50m, PoE 802.3at - Con Inteligencia Artificial - Color Negro;https://d1x12lhh8s9nlj.cloudfront.net/images/productos/products/AJ-TURRETCAM-8-0400-B/AJ-TURRETCAM-8-0400-B.png
AJ-TURRETCAM-8-0400-HL-B;AJAX;339.92;"Cámara IP Turret 8 Megapixel Ajax - 1/2.7"" Progressive Scan CMOS - Lente 4 mm | Ranura MicroSD hasta 256GB - IR 50m | Luz Blanca 50 m | PoE 802.3at - Con Inteligencia Artificial - Color negro";https://d1x12lhh8s9nlj.cloudfront.net/images/productos/products/AJ-TURRETCAM-8-0400-HL-B/AJ-TURRETCAM-8-0400-HL-B.png
AJ-TURRETCAM-8-0400-HL-W;AJAX;339.92;"Cámara IP Turret 8 Megapixel Ajax - 1/2.7"" Progressive Scan CMOS - Lente 4 mm | Ranura MicroSD hasta 256GB - IR 50m | Luz Blanca 50 m | PoE 802.3at - Con Inteligencia Artificial - Color blanco";https://d1x12lhh8s9nlj.cloudfront.net/images/productos/products/AJ-TURRETCAM-8-0400-HL-W/AJ-TURRETCAM-8-0400-HL-W.png
AJ-TURRETCAM-8-0400-W;AJAX;327.5;Cámara IP Turret 8 Megapixel Ajax - Progressive Scan CMOS - Lente 4 mm, Ranura MicroSD hasta 256GB - IR LEDs Alcance 50m, PoE 802.3at - Con Inteligencia Artificial - Color blanco;https://d1x12lhh8s9nlj.cloudfront.net/images/productos/products/AJ-TURRETCAM-8-0400-W/AJ-TURRETCAM-8-0400-W.png
AJ-TURRETCAM-8-B;AJAX;327.5;Cámara IP Turret 8 Megapixel Ajax - Progressive Scan CMOS - Lente 2.8 mm, Ranura MicroSD hasta 256GB - IR LEDs Alcance 50m, PoE 802.3at - Con Inteligencia Artificial - Color Negro;https://d1x12lhh8s9nlj.cloudfront.net/images/productos/products/AJ-TURRETCAM-8-B/AJ-TURRETCAM-8-B.png
AJ-TURRETCAM-8-HL-B;AJAX;339.92;"Cámara IP Turret 8 Megapixel Ajax - 1/2.7"" Progressive Scan CMOS - Lente 2.8 mm | Ranura MicroSD hasta 256GB - IR 50m | Luz Blanca 50 m | PoE 802.3at - Con Inteligencia Artificial - Color negro";https://d1x12lhh8s9nlj.cloudfront.net/images/productos/products/AJ-TURRETCAM-8-HL-B/AJ-TURRETCAM-8-HL-B.png
AJ-TURRETCAM-8-HL-W;AJAX;339.92;"Cámara IP Turret 8 Megapixel Ajax - 1/2.7"" Progressive Scan CMOS - Lente 2.8 mm | Ranura MicroSD hasta 256GB - IR 50m | Luz Blanca 50 m | PoE 802.3at - Con Inteligencia Artificial - Color blanco";https://d1x12lhh8s9nlj.cloudfront.net/images/productos/products/AJ-TURRETCAM-8-HL-W/AJ-TURRETCAM-8-HL-W.png
AJ-TURRETCAM-8-HLVF-B;AJAX;482.46;"Cámara IP Turret 8 Megapíxel Ajax - 1/2.8"" Progressive Scan CMOS - Lente varifocal motorizada 2.8~12 mm - IR 60 m | Luz blanca 40 m | PoE 802.3at/af - 120 dB TrueWDR | Detección de movimiento | IA - MicroSD hasta 256GB | Color Negro";https://d1x12lhh8s9nlj.cloudfront.net/images/productos/products/AJ-TURRETCAM-8-HLVF-B/AJ-TURRETCAM-8-HLVF-B.png
AJ-TURRETCAM-8-HLVF-S-B;AJAX;616.48;"Cámara IP Superior Turret 8 Megapíxel Ajax - 1/1.8"" Progressive Scan CMOS - Lente varifocal motorizada 2.8~12 mm - IR 60 m | Luz blanca 40 m | PoE 802.3at/af - 120 dB TrueWDR | Detección de movimiento | IA - MicroSD hasta 256GB | Color Negro";https://d1x12lhh8s9nlj.cloudfront.net/images/productos/products/AJ-TURRETCAM-8-HLVF-S-B/AJ-TURRETCAM-8-HLVF-S-B.png
AJ-TURRETCAM-8-HLVF-S-W;AJAX;616.48;"Cámara IP Superior Turret 8 Megapíxel Ajax - 1/1.8"" Progressive Scan CMOS - Lente varifocal motorizada 2.8~12 mm - IR 60 m | Luz blanca 40 m | PoE 802.3at/af - 120 dB TrueWDR | Detección de movimiento | IA - MicroSD hasta 256GB | Color Blanco";https://d1x12lhh8s9nlj.cloudfront.net/images/productos/products/AJ-TURRETCAM-8-HLVF-S-W/AJ-TURRETCAM-8-HLVF-S-W.png
AJ-TURRETCAM-8-HLVF-W;AJAX;482.46;"Cámara IP Turret 8 Megapíxel Ajax - 1/2.8"" Progressive Scan CMOS - Lente varifocal motorizada 2.8~12 mm - IR 60 m | Luz blanca 40 m | PoE 802.3at/af - 120 dB TrueWDR | Detección de movimiento | IA - MicroSD hasta 256GB | Color Blanco";https://d1x12lhh8s9nlj.cloudfront.net/images/productos/products/AJ-TURRETCAM-8-HLVF-W/AJ-TURRETCAM-8-HLVF-W.png
AJ-TURRETCAM-8-W;AJAX;327.5;Cámara IP Turret 8 Megapixel Ajax - Progressive Scan CMOS - Lente 2.8 mm, Ranura MicroSD hasta 256GB - IR LEDs Alcance 50m, PoE 802.3at - Con Inteligencia Artificial - Color blanco;https://d1x12lhh8s9nlj.cloudfront.net/images/productos/products/AJ-TURRETCAM-8-W/AJ-TURRETCAM-8-W.png
AJ-UARTBRIDGE;AJAX;44.88;Módulo de integración - Dispositivos Ajax con central smarthome - Hasta 85 dispositivos Ajax - Alcance hasta 2 km - Comunicación serie (Interfaz UART) - Alimentación DC 5V;https://d1x12lhh8s9nlj.cloudfront.net/images/productos/products/AJ-UARTBRIDGE/AJ-UARTBRIDGE.png
AJ-VHFBRIDGE-W;AJAX;154.94;Módulo para conectar transmisores VHF terceros - Inalámbrico 868 MHz Jeweller - 8 salidas potenciales - Salidas de potencial alto/bajo - Transmite en impulso o biestable - Admite transmisor VHF con entradas de relé;https://d1x12lhh8s9nlj.cloudfront.net/images/productos/products/AJ-VHFBRIDGE-W/AJ-VHFBRIDGE-W.png
AJ-WALLSWITCH-B;AJAX;55.62;Relé de control remoto - Inalámbrico 868 MHz Jeweller - Antena interna - 110~240VAC 50 Hz / Hasta 3kW (13A) - Medidor de consumo - Instalación en cajas de mecanismo estándar;https://d1x12lhh8s9nlj.cloudfront.net/images/productos/products/AJ-WALLSWITCH-B/AJ-WALLSWITCH-B.png
AJ-WATERSTOP-1-B;AJAX;305.64;"Electroválvula de cierre de agua - Válvula Bonomi de 1"" (DN 25) - Compatible con tuberías de agua caliente y fría - Cierre de la válvula en menos de 5 segundos - Admite escenarios de automatización - Alimentación 4 baterías CR123A o a 7,5~14 VDC";https://d1x12lhh8s9nlj.cloudfront.net/images/productos/products/AJ-WATERSTOP-1-B/AJ-WATERSTOP-1-B.png
AJ-WATERSTOP-1-W;AJAX;305.64;"Electroválvula de cierre de agua - Válvula Bonomi de 1"" (DN 25) - Compatible con tuberías de agua caliente y fría - Cierre de la válvula en menos de 5 segundos - Admite escenarios de automatización - Alimentación 4 baterías CR123A o a 7,5~14 VDC";https://d1x12lhh8s9nlj.cloudfront.net/images/productos/products/AJ-WATERSTOP-1-W/AJ-WATERSTOP-1-W.png
AJ-WATERSTOP-1/2-B;AJAX;231.66;"Electroválvula de cierre de agua - Válvula Bonomi de 1/2"" (DN 15) - Compatible con tuberías de agua caliente y fría - Cierre de la válvula en menos de 5 segundos - Admite escenarios de automatización - Alimentación 4 baterías CR123A o a 7,5~14 VDC";https://d1x12lhh8s9nlj.cloudfront.net/images/productos/products/AJ-WATERSTOP-1_2-B/AJ-WATERSTOP-1_2-B.png
AJ-WATERSTOP-1/2-W;AJAX;231.66;"Electroválvula de cierre de agua - Válvula Bonomi de 1/2"" (DN 15) - Compatible con tuberías de agua caliente y fría - Cierre de la válvula en menos de 5 segundos - Admite escenarios de automatización - Alimentación 4 baterías CR123A o a 7,5~14 VDC";https://d1x12lhh8s9nlj.cloudfront.net/images/productos/products/AJ-WATERSTOP-1_2-W/AJ-WATERSTOP-1_2-W.png
AJ-WATERSTOP-3/4-B;AJAX;260.38;"Electroválvula de cierre de agua - Válvula Bonomi de 3/4"" (DN 20) - Compatible con tuberías de agua caliente y fría - Cierre de la válvula en menos de 5 segundos - Admite escenarios de automatización - Alimentación 4 baterías CR123A o a 7,5~14 VDC";https://d1x12lhh8s9nlj.cloudfront.net/images/productos/products/AJ-WATERSTOP-3_4-B/AJ-WATERSTOP-3_4-B.png
AJ-WATERSTOP-3/4-W;AJAX;260.38;"Electroválvula de cierre de agua - Válvula Bonomi de 3/4"" (DN 20) - Compatible con tuberías de agua caliente y fría - Cierre de la válvula en menos de 5 segundos - Admite escenarios de automatización - Alimentación 4 baterías CR123A o a 7,5~14 VDC";https://d1x12lhh8s9nlj.cloudfront.net/images/productos/products/AJ-WATERSTOP-3_4-W/AJ-WATERSTOP-3_4-W.png
HD1TB;Disco duro wester o seagate;236.00;Disco duro wester o seagate;
HD2TB;Disco duro wester o seagate;360.00;Disco duro wester o seagate;
HD4TB;Disco duro wester o seagate;430.00;Disco duro wester o seagate;
HD6TB;Disco duro wester o seagate;610.00;Disco duro wester o seagate;
HD8TB;Disco duro wester o seagate;778.00;Disco duro wester o seagate;
VDMS105GP;Switch poe 5 puertos;39.37;Switch poe 5 puertos;
VDMS108GP;Switch poe 8 puertos;49.22;Switch poe 8 puertos;
INJ-POE-30W-V2;Injector poe;21.6;Injector poe;
HS-TF-D3STD/64G/NEO LUX/WW;Tarjeta MICRO SD;39.00;Tarjeta MICRO SD;
HS-TF-D3STD/32G/NEO LUX/WW;Tarjeta MICRO SD;26.00;Tarjeta MICRO SD;
HS-TF-C1STD-128G;Tarjeta MICRO SD;70.00;Tarjeta MICRO SD;
ABE-150;Detector de barrera por infrarrojos 3 Haces;78.00;Detector de barrera por infrarrojos 3 Haces;
DC12V2A;Fuente de alimentacion 12v 2amp;7.00;Fuente de alimentacion 12v 2amp;
DC12V2A-IP66;Fuente de alimentación 12v 2amp IP66;5.00;Fuente de alimentación 12v 2amp IP66;
RACK-WALL;Rack mural de seguridad;168.00;Rack mural de seguridad;
SW1008POE-100-E;Switch poe 8 puertos con uplink;54.00;Switch poe 8 puertos con uplink;
AJ-KEYPADCOMBI-W;AJAX;138.72;;
AJ-KEYPADCOMBI-B;AJAX;138.72;;
RACK-KEFR10-S0654;Rack de seguridad;171.32;Rack de seguridad;
GAG1105PD;Switch poe extender;76.89;Switch poe extender;
FMCS57;Caja estanca conos;3.47;Caja estanca conos;
FMCS60;Caja estanca conos;5.94;Caja estanca conos;
UPS600VA-2;Alimentación SAI monofásico line-interactive;86.00;Alimentación SAI monofásico line-interactive;
UPS1000VA-4;Alimentación SAI monofásico line-interactive;146.00;Alimentación SAI monofásico line-interactive;
LXM2M-CARD-ES;Tarjeta sim para centrales AJAX;39.00;Tarjeta sim para centrales AJAX;
BATT-CR123A;Pila CR123A Safire;2.00;Pila CR123A Safire;
BATT-CR123A-P;Pila CR123A Panasonic;3.20;Pila CR123A Panasonic;
10110;Rack MURAL 4u;157.00;Rack MURAL 4u;
10111;Rack MURAL 6u;178.00;Rack MURAL 6u;
10112;Rack MURAL 9u;205.00;Rack MURAL 9u;
10113;Rack MURAL 12u;233.00;Rack MURAL 12u;
10114;Rack MURAL 15u;183.00;Rack MURAL 15u;
KETP-61F;Panel de parcheo UTP 24p;58.15;Panel de parcheo UTP 24p;
KETP-6VF;Panel de parcheo vacio;25.70;Panel de parcheo vacio;
10128;Bandeja para rack Frontal 2U;38.00;Bandeja para rack Frontal 2U;
10120;Bandeja para rack lateral 1U;19.90;Bandeja para rack lateral 1U;
SF-SW16-G-M;Switch 16 puertos;84.00;Switch 16 puertos;
SF-SW24-G-M;Switch 24 puertos;96.00;Switch 24 puertos;
10123;Regleta de 8 enchufes para rack;49.50;Regleta de 8 enchufes para rack;
